id,domain,status,purchase_price,renewal_price,attractiveness,demand,length,registrar,created_at,expires_at,status_verified_at
4059f268-0d28-46df-884d-f6bfc55bdaa5,epistolary.best,available,2.28,29.98,medium,low,10,namecheap,,,17/08/2026 11:14
2e622b46-93da-46ee-bcda-ceff5bd8e06e,crease.best,available,2.28,29.98,high,low,6,namecheap,,,13/08/2026 07:14
f937dc2c-1712-4969-ae97-d59d6d84a9e2,evolve.best,resell,,,high,low,6,Dynadot Inc,20/02/2026 00:04,20/02/2027 23:59,26/09/2026 05:55
ca17e713-90ac-4719-8a8c-8e6730f8ae53,dickinson.best,available,2.35,22.99,high,low,9,namesilo,,,25/09/2026 04:53
9f35c496-f68f-4970-b21f-168007d35907,benzol.best,available,2.35,22.99,high,low,6,namesilo,,,23/09/2026 08:53
239c9468-581d-4e1d-8119-df730f8e8f55,astuteness.best,available,2.28,29.98,medium,low,10,namecheap,,,20/09/2026 18:21
3a3b5804-0226-4711-b3e7-b5bdaabdd65f,crashed.best,available,1.68,18.88,low,low,7,spaceship,,,27/09/2026 11:29
2137122d-04e8-4f42-8de3-f4e35eff8533,chairmen.best,available,2.35,22.99,medium,low,8,namesilo,,,18/09/2026 22:56
55e9f9ec-a9d5-46dc-a10b-f1a4bcaa5f4c,proposed.best,available,2.35,22.99,medium,low,8,namesilo,,,28/09/2026 04:49
a115c615-68a9-4dc8-be9e-d0cbc5323bb7,cubitus.best,available,2.28,29.98,medium,low,7,namecheap,,,20/09/2026 11:25
c408591b-9cb1-44e2-9768-b272cd3cf69d,wink.best,resell,,,high,low,4,Dynadot Inc,01/08/2026 08:13,01/08/2027 23:59,26/09/2026 10:11
5d22cacf-3ef1-4212-ba24-523d17488ecf,reporters.best,available,2.35,22.99,medium,low,9,namesilo,,,28/09/2026 00:38
59863dbf-f532-414a-9a54-11c20a5f6d03,heralded.best,available,2.28,29.98,medium,low,8,namecheap,,,21/08/2026 06:51
9b3a466d-2c7d-4dfa-a58e-c5fdb1259099,gluttonous.best,available,2.28,29.98,medium,low,10,namecheap,,,20/08/2026 15:32
1be4e47e-d4d3-41f7-8f63-475b47bbf3b5,flooding.best,available,2.35,22.99,medium,low,8,namesilo,,,29/09/2026 00:57
31585602-45f7-4280-add6-f33a10f8caaa,crinkle.best,available,2.28,29.98,medium,low,7,namecheap,,,13/08/2026 07:16
4b412550-2164-419c-93fc-815547204ac8,hall.best,resell,,,high,low,4,Dynadot Inc,22/01/2026 00:16,22/01/2027 23:59,28/09/2026 21:37
2693de9d-8b6c-4460-aecc-f4ae27a757eb,impeding.best,available,2.28,29.98,medium,low,8,namecheap,,,12/08/2026 11:44
7678e5e4-be85-4c00-bee0-73551fd46012,counterfeits.best,available,2.28,29.98,low,low,12,namecheap,,,19/09/2026 21:40
072bf320-3987-49f9-901a-3b495558716a,wexford.best,available,1.68,18.88,medium,low,7,spaceship,,,28/09/2026 21:57
560472a9-27a6-4eb9-874a-0ca7d7e99065,mucous.best,available,2.28,29.98,medium,low,6,namecheap,,,03/09/2026 10:14
4f1c1535-b5ba-45c1-a203-9b66564bc012,dispersion.best,available,2.35,22.99,high,low,10,namesilo,,,24/09/2026 22:57
6aca0aa7-ea9a-433e-b644-362db43fb3c0,lymphatic.best,available,2.28,29.98,medium,low,9,namecheap,,,24/08/2026 12:33
d0d33339-1b26-482c-b0aa-9f4c1afa5e04,tianjin.best,premium,95.52,95.52,medium,low,7,namesilo,,,29/09/2026 02:17
1dc55596-e096-420d-9c14-bd7d8e05f25c,clue.best,available,2.35,17.79,high,low,4,namesilo,,,
d96c87d0-9d8f-480d-9567-8c93b3c7ceab,absinthe.best,available,2.28,29.98,high,low,8,namecheap,,,16/09/2026 17:47
fe4edd43-fbd0-4cf5-813c-6da73f37b9eb,salad.best,available,,,high,low,5,,,,
c90c8747-9193-4c28-b797-5a84a62fdce2,hussy.best,available,2.35,22.99,medium,low,5,namesilo,,,17/09/2026 10:20
d9eb68f3-6f14-4841-97f4-07c1dc4235c7,norbert.best,available,1.68,18.88,medium,low,7,spaceship,,,28/09/2026 22:05
08e759c2-6c16-464d-88e4-cd100d7fc9be,delineated.best,available,2.28,29.98,medium,low,10,namecheap,,,14/08/2026 00:37
e2cd3494-4905-4dd6-99f4-5038fd1961dc,psychic.best,available,2.28,29.98,high,low,7,namecheap,,,27/09/2026 07:57
4d777ef0-1283-46df-bc53-562470ca87f4,against.best,available,2.35,17.79,medium,low,7,namesilo,,,
5fa5aa97-838a-42a1-885b-55a1b032a247,theorize.best,available,2.35,22.99,high,low,8,namesilo,,,24/09/2026 17:19
0bfa0aa4-812c-4281-8988-6d08ff8c90fc,monolithic.best,available,2.28,29.98,medium,low,10,namecheap,,,24/08/2026 16:43
0169ffae-19a2-46ae-939b-c12a223944e8,ascendance.best,available,2.28,29.98,high,low,10,namecheap,,,20/09/2026 13:03
effbb72d-3871-4abc-8252-475ff3b6a4b2,amity.best,available,2.35,22.99,high,low,5,namesilo,,,18/09/2026 21:57
b524a779-dac2-4329-815e-902b1671c460,set.best,resell,,,high,low,3,"Spaceship, Inc.",02/06/2026 20:44,02/06/2027 23:59,26/09/2026 08:56
5c6923ac-31e6-49ae-b320-be42d008df5f,ashur.best,available,2.35,22.99,medium,low,5,namesilo,,,20/09/2026 13:50
1de614c7-c4f5-4d4b-acbe-d047df5661ce,tangled.best,available,2.28,29.98,medium,low,7,namecheap,,,11/09/2026 07:59
690e7095-fa2c-4887-92b9-26d625068800,wilted.best,available,2.28,29.98,medium,low,6,namecheap,,,23/08/2026 13:24
2bde4be7-c6ac-4c8b-b97c-b5e4abb12414,dupe.best,available,2.28,29.98,medium,low,4,namecheap,,,12/08/2026 15:10
7ad89544-02fe-471b-b236-735ba91997c3,thrifty.best,available,2.28,29.98,high,low,7,namecheap,,,11/09/2026 14:34
74dd80e0-dbef-46ad-b56a-fd7a6e47350c,fiend.best,available,2.28,29.98,medium,low,5,namecheap,,,17/08/2026 21:54
4b5e8d84-bd96-4cba-986b-352148feb67e,connectors.best,premium,90.42,90.42,medium,low,10,porkbun,,,28/09/2026 05:16
d42ac7ef-d2bd-470e-b1de-50285bb5b86a,pens.best,available,2.35,22.99,medium,low,4,namesilo,,,20/09/2026 04:15
7cf53e0b-8790-4e79-ada3-bbb7ac3bdeab,clicking.best,available,2.35,17.79,high,low,8,namesilo,,,
69198705-2355-443b-b1ba-9f779b131035,audacity.best,available,2.35,22.99,high,low,8,namesilo,,,21/09/2026 02:47
62f240d6-a878-44d3-bfce-82a98e45fb44,secretly.best,available,2.28,29.98,medium,low,8,namecheap,,,15/09/2026 06:37
fe36f2bf-1a2a-4a4e-9f80-2300c9521f27,khakis.best,available,23.08,,high,low,6,namecheap,,,
2254bdc4-6665-4cfb-b53d-958e43740cca,thom.best,available,1.68,18.88,medium,low,4,spaceship,,,28/09/2026 04:11
be8d971d-556c-4c74-aeed-6366f056c640,skyward.best,available,2.28,29.98,high,low,7,namecheap,,,21/08/2026 05:26
31923fc3-fc92-4360-b7a8-3e266f45e82e,unfettered.best,available,2.28,29.98,medium,low,10,namecheap,,,12/09/2026 04:56
37b76ed4-c3e1-48b9-9cdb-2998ff181420,amarillo.best,available,2.35,22.99,medium,low,8,namesilo,,,18/09/2026 15:59
5b7786e8-30ca-4f9e-b9cd-6b4b25caac5c,hypophysis.best,available,2.28,29.98,high,medium,10,namecheap,,,08/09/2026 20:09
3539a09b-5ee2-4eeb-9aee-0f90867fbbd7,cochlear.best,available,2.28,29.98,medium,low,8,namecheap,,,12/08/2026 14:45
b6637c3c-3881-4363-9403-65521c51e46f,anthill.best,available,2.35,22.99,high,low,7,namesilo,,,19/09/2026 13:26
0be89c6f-a6e8-4a47-8e44-df902a07f9e3,hereabout.best,available,2.28,29.98,medium,low,9,namecheap,,,15/09/2026 00:18
17a15ebe-e023-4d61-88f1-81a8b2a1a826,keys.best,available,2.35,17.79,high,medium,4,namesilo,,,
dcafdcb2-62bd-4bce-aca3-7b713a3d8a99,stripling.best,available,2.28,29.98,medium,low,9,namecheap,,,
3ad3df03-fe22-42a1-bdac-aae45ab15283,fastgrowing.best,available,2.35,17.79,high,low,12,namesilo,,,
5f4e61c6-8c0e-410a-bf56-a72447cb8d22,azure.best,available,,,high,high,5,,,,
903d8e99-0e36-4d43-b069-a6f912355c77,babies.best,resell,,,high,low,6,NETIM SAS,12/12/2024 07:43,12/12/2026 23:59,26/09/2026 04:11
7902edfe-696d-45d1-b279-8baa6b097df7,triumphant.best,available,2.28,29.98,high,low,10,namecheap,,,17/08/2026 19:56
4792e7bb-7807-4fe3-ba30-d7a6e2fc532a,euclidian.best,available,2.28,29.98,medium,low,9,namecheap,,,17/08/2026 14:04
8f8ebdf6-a2ee-4c8e-9308-5292cc1a87cf,ambience.best,available,2.35,22.99,high,low,8,namesilo,,,18/09/2026 16:42
eaf7bd7d-6356-49c1-9989-fca65c0d150d,crackpot.best,available,2.28,29.98,medium,low,8,namecheap,,,10/09/2026 00:10
cb3fb78b-94d1-4ae1-aaa9-3b431b89c052,church.best,premium,83.3,83.3,high,low,6,namesilo,,,
85c42137-b533-49a4-8e6a-93c38158a9fc,uncomfortable.best,available,2.35,22.99,medium,low,13,namesilo,,,26/09/2026 00:44
decfd776-965a-48d2-933d-2f00d486b3a4,nondrinker.best,available,2.28,29.98,medium,low,10,namecheap,,,
679b1bf5-64b3-40ca-abdd-738a3c036054,proceeds.best,available,1.68,18.88,high,low,8,spaceship,,,29/09/2026 01:54
80d6613c-de04-49fa-8110-51dc53a26be5,velocities.best,available,2.35,22.99,medium,low,10,namesilo,,,18/09/2026 19:40
7ee246de-33a9-45f6-aec3-e70ef6b0b3ba,keyboards.best,available,2.35,22.99,medium,low,9,namesilo,,,20/09/2026 13:46
8897b6d6-2e1b-42c9-83b2-90e6a86c3582,oklahoma.best,available,2.35,22.99,high,low,8,namesilo,,,26/09/2026 00:08
9016c206-111b-4d0a-913f-c032c8e5c337,coplanar.best,available,2.28,29.98,medium,low,8,namecheap,,,13/08/2026 00:32
f8482eae-6836-4d0d-a9aa-3a8852d79b55,robbery.best,available,2.35,22.99,medium,low,7,namesilo,,,25/09/2026 09:07
09182f2a-64b1-4f5f-9d71-eae74cdcf5b4,creature.best,available,2.28,29.98,high,low,8,namecheap,,,22/09/2026 04:42
50b0b450-75b8-4f04-a9bb-9270580f41fc,pregnant.best,available,2.28,29.98,high,low,8,namecheap,,,25/09/2026 18:23
36f8ff50-b2b5-410d-94d4-4f65aec9a08d,nestle.best,premium,103.44,103.44,high,medium,6,namecheap,,,24/09/2026 20:10
92c821d2-a366-4289-a574-4843f84c38ab,proofed.best,available,2.28,29.98,medium,low,7,namecheap,,,09/09/2026 03:24
953a560d-68f4-42e8-8317-c8362adbcd83,unfathomed.best,available,2.28,29.98,medium,low,10,namecheap,,,12/09/2026 09:57
f2799808-0c94-4001-95bd-0e645bc691ad,aneurysm.best,available,29.99,29.99,medium,low,8,name.com,,,19/09/2026 05:41
a7217ebe-2191-496c-9435-97e535b6b8f5,willamette.best,available,2.35,22.99,medium,low,10,namesilo,,,27/09/2026 16:20
b0f699c5-a7d5-4ca8-aa35-dcffab55e26b,midautumn.best,available,2.35,22.99,high,low,9,namesilo,,,17/09/2026 10:02
0119bb53-d918-4a50-94a8-b5ae01077e9b,synergetic.best,available,2.28,29.98,high,low,10,namecheap,,,11/09/2026 06:25
ecbb2ed5-b2e2-453e-a39d-19ca70d48f4f,palish.best,available,2.28,29.98,medium,low,6,namecheap,,,04/09/2026 23:41
e2a15e4a-a186-45f5-b708-16b657a4e45b,rotten.best,available,2.35,22.99,high,low,6,namesilo,,,24/09/2026 01:35
2b1b0645-d748-46d0-b2b0-cd8deb07806d,ordinal.best,available,2.28,29.98,high,low,7,namecheap,,,04/09/2026 17:44
8441aeeb-fdcc-43cd-87c8-40994140e8ec,confidant.best,available,2.28,29.98,high,low,9,namecheap,,,22/08/2026 08:30
7c31d751-41b5-4ebe-8ab4-be389239ebe1,indistinct.best,available,2.28,29.98,medium,low,10,namecheap,,,22/08/2026 03:14
d8d714b9-5f08-49d3-8901-5bd6613cfdde,fernando.best,available,2.35,22.99,high,low,8,namesilo,,,25/09/2026 14:20
1528500d-e6d6-466c-8942-8c98f689e139,utter.best,available,1.68,18.88,medium,low,5,spaceship,,,28/09/2026 10:04
bc5ee10c-88d3-4820-9054-05e5e0ed1dbb,underwater.best,available,2.28,29.98,medium,low,11,namecheap,,,16/09/2026 17:58
1b23dd0d-a394-4f93-8e16-022978a39704,fluky.best,available,2.28,29.98,medium,low,5,namecheap,,,18/08/2026 09:19
c9a0b462-4c01-4a08-86e6-b8ae8a9047ae,variform.best,available,2.28,29.98,medium,low,8,namecheap,,,13/09/2026 01:22
487005de-224f-40ab-a1e6-361af095c1db,circumstances.best,available,2.35,22.99,medium,low,13,namesilo,,,27/09/2026 02:27
2853bf20-2855-413b-8bd9-88d94ae6027a,ingrown.best,available,2.28,29.98,medium,low,7,namecheap,,,22/08/2026 04:56
45c8ca2e-8d18-4663-9298-015adb4c53c2,alligator.best,available,1.63,18.48,high,low,9,dynadot,,,28/09/2026 20:35
b0a050ba-a664-4789-9fa2-607accd69d13,profits.best,available,1.73,18.69,high,low,7,porkbun,,,28/09/2026 05:34
fcc5a2ce-9d41-44d3-9bf8-043ac22e8b36,stadia.best,available,2.28,29.98,high,low,6,namecheap,,,17/09/2026 09:03
935c950d-9dd8-42e7-afee-e2a9468c049e,faecal.best,available,2.28,29.98,medium,low,6,namecheap,,,17/08/2026 20:36
4ca9e9c2-eae2-4ec7-b271-9f8a50c6e158,farther.best,available,29.99,29.99,high,low,7,name.com,,,24/09/2026 17:01
fe6181fc-9b4c-4b9a-a89b-b84bef6b3fa0,unbiased.best,available,2.28,29.98,high,low,8,namecheap,,,12/09/2026 01:52
771ead3e-15bb-4735-aba8-972b4abb135e,extras.best,available,2.35,17.79,medium,low,6,namesilo,,,
b5929284-8b6a-445c-92cc-408ed3d3da3d,squeaking.best,available,2.28,29.98,medium,low,9,namecheap,,,10/09/2026 00:03
76a72616-e59e-4e90-b99d-1f4ea67c6f5d,berk.best,available,2.35,22.99,medium,low,4,namesilo,,,23/09/2026 09:31
06564294-f574-4261-9966-110d793e6d41,lovesome.best,available,2.28,29.98,medium,low,8,namecheap,,,
ee3a6adb-c2ef-4f48-836f-ed724e59a1bb,jockstrap.best,available,2.28,29.98,medium,low,9,namecheap,,,20/09/2026 21:10
c228b3c0-1c14-42a1-b6a1-169de8396b32,substitution.best,available,23.08,,high,low,12,namecheap,,,
4a1d4b09-b5f5-4a8c-bd49-1a31ec8d83d3,apothecary.best,available,2.35,22.99,high,low,10,namesilo,,,19/09/2026 19:42
d11a248a-9c51-4f25-ae3d-90a17c6f5f8d,modigliani.best,available,2.28,29.98,high,low,10,namecheap,,,18/09/2026 17:54
84357d9a-91a5-47e9-acb3-8f4fe43ed0d5,fecal.best,available,2.28,29.98,medium,low,5,namecheap,,,17/08/2026 20:38
a322bd36-5ebe-42a9-8846-260e8b5afd3c,allocator.best,available,2.35,22.99,high,low,9,namesilo,,,18/09/2026 11:47
d343407e-e1f4-48dc-9995-6f52cb00089b,apodictic.best,available,2.28,29.98,medium,low,9,namecheap,,,06/08/2026 01:27
172454e6-7e37-4422-9939-7b49794bc116,informing.best,available,2.35,17.79,high,low,9,namesilo,,,
a6aaa435-38ca-4431-8762-fce7b1803a2a,demands.best,available,2.35,22.99,low,low,7,namesilo,,,27/09/2026 10:52
eda37f04-e3a1-408c-8394-7917bfb262ab,successive.best,available,2.28,29.98,high,low,10,namecheap,,,10/09/2026 04:29
248398c2-8eb1-4e33-b3dc-1b49eaf4533d,felted.best,available,2.28,29.98,medium,low,6,namecheap,,,18/08/2026 01:00
85053aac-6ea0-4637-825c-7ce587870644,custer.best,available,2.35,22.99,medium,low,6,namesilo,,,28/09/2026 01:44
8b2a58a0-e9d1-40b6-a0e9-2a26cedc35ea,polymeric.best,available,2.28,29.98,medium,low,9,namecheap,,,08/09/2026 23:25
8a97bf86-7988-438b-8250-040c7cef7611,barbate.best,available,2.28,29.98,medium,low,7,namecheap,,,08/08/2026 16:10
773c3256-4624-44c3-a7ed-2420c7f7c006,southeast.best,available,2.35,22.99,low,low,9,namesilo,,,28/09/2026 08:19
d0526619-be8a-4564-844b-165b6a3f825b,tips.best,premium,587.03,587.03,high,low,4,namesilo,,,19/09/2026 17:44
19322c19-3cf1-43c7-9d12-1c244d7b6546,parhelic.best,available,2.28,29.98,medium,low,8,namecheap,,,08/09/2026 01:31
05ec5221-922d-4cc8-afe0-55fa3e1decb2,disco.best,premium,83.3,83.3,high,low,5,namesilo,,,
9e62126b-4c59-4bc6-8163-e9f6e979fd2c,mandate.best,available,2.28,29.98,high,low,7,namecheap,,,21/09/2026 05:12
77f39574-3335-4014-8c37-d5aa5e696f65,fabrication.best,available,2.35,22.99,high,low,11,namesilo,,,28/09/2026 07:27
e645a602-b80c-4f36-96a3-28766a57e8d2,marbled.best,available,2.28,29.98,medium,low,7,namecheap,,,24/08/2026 15:47
1557327f-022d-4c85-b5d2-6cb4dc41e40d,housekeeper.best,available,2.35,22.99,high,low,11,namesilo,,,28/09/2026 11:27
e2f28b24-65cb-42a9-9bc7-98c041c76626,dardan.best,available,2.28,29.98,medium,low,6,namecheap,,,11/09/2026 20:19
b3a61ce2-f52c-4b65-ae9e-ea7e1c00a455,azo.best,available,2.28,29.98,high,low,3,namecheap,,,08/08/2026 02:17
b17e57bf-6a0b-47aa-b5a2-905d016e92b6,zane.best,available,2.35,22.99,high,low,4,namesilo,,,29/09/2026 04:01
e06e2f5d-c890-4346-9e40-666ebe18f69b,anathema.best,available,2.35,22.99,medium,low,8,namesilo,,,19/09/2026 03:24
f3a5a2f5-4bab-4c0f-8530-1a4b4a2df7d5,disappears.best,available,1.68,18.88,low,low,10,spaceship,,,28/09/2026 13:25
666c7cd5-ef2a-4581-b750-645f48608896,athwart.best,available,2.28,29.98,medium,low,7,namecheap,,,13/09/2026 22:38
265ae5a3-664e-4ccc-8699-8df8ae04413d,lawless.best,available,2.28,29.98,medium,low,7,namecheap,,,
2fa4d40a-e648-43fe-92db-3ef70abb082d,whitefish.best,available,2.35,17.79,medium,low,10,namesilo,,,
42b6b532-21a1-4c90-ac84-684462103b8b,cost.best,resell,,,high,low,4,Dynadot Inc,28/04/2026 13:18,28/04/2027 23:59,26/09/2026 05:16
c34655a0-17c6-4de9-a248-6e4184fe79ba,severity.best,available,2.35,22.99,medium,low,8,namesilo,,,20/09/2026 14:57
eb453266-b270-4065-ad8a-2141142b595c,hates.best,available,2.28,29.98,low,low,5,namecheap,,,27/09/2026 23:03
cf5a7106-4023-489c-8488-fd5c4d043366,eta.best,available,2.35,22.99,high,low,3,namesilo,,,22/09/2026 11:43
e827b48f-fce2-428d-a8c8-b6a8bb2e79f6,intriguing.best,available,2.35,22.99,high,low,10,namesilo,,,25/09/2026 10:52
9b91fd63-9013-400c-bf49-1697f6b9c92e,ard.best,available,2.35,22.99,medium,low,3,namesilo,,,28/09/2026 11:18
ef9ec6bc-76e3-4170-a9f0-4029e1d368f4,edited.best,available,2.28,29.98,high,low,6,namecheap,,,15/08/2026 11:05
7370db84-9776-4455-8579-955447d79619,nihilist.best,available,2.35,22.99,medium,low,8,namesilo,,,19/09/2026 02:26
d9317e16-c4bc-473f-8b72-5338ec5201d2,posters.best,premium,98,98,medium,low,7,namecheap,,,
90ac53e9-e98f-4972-a727-7bc7e59befb3,khartoum.best,available,2.35,22.99,medium,low,8,namesilo,,,24/09/2026 12:25
d4247741-35f2-4652-9d32-19cdd86d6fa3,loyalist.best,available,2.28,29.98,medium,low,8,namecheap,,,10/09/2026 18:31
64cebdc2-c19b-4e81-9628-42f696fac5cd,dural.best,available,2.28,29.98,medium,low,5,namecheap,,,14/08/2026 21:30
72b8754d-08d6-4615-bb75-ebd4f6e15333,admissible.best,available,2.28,29.98,high,low,10,namecheap,,,
d5715850-aa58-47b6-af4a-024c8865bf5b,sedgy.best,available,2.28,29.98,medium,low,5,namecheap,,,10/09/2026 01:38
eaf36b92-19d7-4444-b806-f246e6a177b1,seasick.best,available,2.28,29.98,medium,low,7,namecheap,,,
9a77bf60-e67e-4b05-bb31-14111ded4ce7,explosions.best,available,1.68,18.88,low,low,10,spaceship,,,28/09/2026 23:40
6f575228-9537-4541-bdfd-179c9b515e45,filiform.best,available,2.28,29.98,medium,low,8,namecheap,,,18/08/2026 04:04
ab39da04-710f-4348-bccb-6ed4f1474460,disappointed.best,available,2.35,17.79,medium,low,12,namesilo,,,
df44b1f7-a15b-42ea-ab05-679bf2f4d7aa,alleviator.best,available,2.28,29.98,medium,low,10,namecheap,,,04/09/2026 23:48
946806ea-82df-4a29-ad3b-22042e27854e,gobsmacked.best,available,2.28,29.98,medium,low,10,namecheap,,,20/08/2026 16:00
aea43b83-4837-4644-9409-a944ce906e25,chummy.best,available,2.28,29.98,high,low,6,namecheap,,,11/08/2026 07:44
6b9c2175-10b2-477d-b3d5-696bdcf5100f,comically.best,available,2.28,29.98,medium,low,9,namecheap,,,14/09/2026 07:31
97c1b33f-7202-43c9-9937-728e0add9538,ebert.best,available,1.68,18.88,medium,low,5,spaceship,,,28/09/2026 08:02
ea28ce31-a958-4a7f-84b8-19973a9f914b,nasser.best,available,2.35,22.99,high,low,6,namesilo,,,28/09/2026 01:58
91bea356-2b3f-4d87-8b74-e18e4d244915,clip.best,resell,,,high,low,4,,,,28/09/2026 01:38
89fabcd8-9d73-4e2f-b002-db8fb4a72d82,heartsick.best,available,2.28,29.98,medium,low,9,namecheap,,,11/08/2026 05:30
b505f862-90ea-45eb-9e93-7424e13ba050,commenting.best,available,23.08,,high,low,10,namecheap,,,
924c16ed-9830-4428-815b-c46f6e83c02d,blueish.best,available,2.35,22.99,medium,low,7,namesilo,,,22/09/2026 22:51
ede87dce-6b8d-4c7c-bae3-9e5707050659,midwinter.best,available,2.35,17.79,medium,low,10,namesilo,,,
f097b714-cd7e-4f39-97af-b0c1f135098c,antipope.best,available,2.35,22.99,medium,low,8,namesilo,,,19/09/2026 15:00
93210fe5-eae3-4ea5-9ad1-64e5a4c6d126,spd.best,available,1.68,18.88,high,low,3,spaceship,,,28/09/2026 03:51
50073b50-deca-469a-92c1-c15b143678c8,stifled.best,available,2.28,29.98,high,medium,7,namecheap,,,10/09/2026 12:12
ad7222f4-0dfc-44b2-bb0b-c07855e87476,porch.best,available,1.73,22.48,high,low,5,porkbun,,,27/09/2026 15:20
b235f2ec-3edf-4ce8-a6c0-005c3ffbe965,youngster.best,available,2.28,29.98,high,low,9,namecheap,,,25/08/2026 00:01
29d46876-e4c1-44f7-9c61-3ca4cf916c76,redress.best,available,2.28,29.98,high,low,7,namecheap,,,09/09/2026 17:27
ac1f2d6f-0013-4b50-8951-a435e2aac3be,defending.best,available,2.28,29.98,high,low,9,namecheap,,,13/08/2026 23:13
2432402f-5eac-4fcf-a3e6-e205a209ed72,residuum.best,available,2.28,29.98,medium,low,8,namecheap,,,09/09/2026 15:07
b3f72b1e-7254-4371-961b-4d10b567931c,wares.best,available,2.35,22.99,medium,low,5,namesilo,,,28/09/2026 04:14
b25ca791-654a-4a3e-9faf-106d7564814f,heliacal.best,available,2.28,29.98,medium,low,8,namecheap,,,21/08/2026 06:23
31032aef-76e3-455e-991f-7518dc038150,aluminous.best,available,2.28,29.98,medium,low,9,namecheap,,,
d1c3cb98-dd93-447f-927c-c60a209fea0f,pleasantly.best,available,2.28,29.98,high,low,10,namecheap,,,13/09/2026 18:20
4327e7f0-170a-4132-a01f-c45743453140,agal.best,available,2.35,22.99,medium,low,4,namesilo,,,17/09/2026 16:00
961ca1f7-386d-495d-a245-83e0c28ac386,welles.best,available,2.35,22.99,high,low,6,namesilo,,,27/09/2026 04:13
141bd0d3-ef32-4c6d-b5d4-3ebce81ff224,nobelium.best,available,2.35,22.99,medium,low,8,namesilo,,,20/09/2026 21:58
1db57bb0-c6e9-478b-bc0c-78cb605de863,war.best,premium,95.69,95.69,high,low,3,namesilo,,,26/09/2026 00:24
adb7dda7-9e0c-49c2-9691-c0074f4563f8,shorter.best,available,1.68,18.88,medium,low,7,spaceship,,,27/09/2026 17:41
c118d074-d8d2-4e52-8684-a831bf6592ca,riyadh.best,available,2.35,17.79,high,low,6,namesilo,,,
a7d05e70-2de0-4064-87b7-397626879917,alauda.best,available,2.28,29.98,high,low,6,namecheap,,,18/09/2026 02:15
d326dbbf-8d34-48d0-b667-4b49ffc795f1,arrivals.best,available,2.35,22.99,medium,low,8,namesilo,,,21/09/2026 01:02
967d2835-a0cf-452d-ab71-8b5d17898476,axilla.best,available,2.35,22.99,medium,low,6,namesilo,,,20/09/2026 07:40
4d57a1ee-0cdd-4877-b3cf-a3198ce017c9,agnathan.best,available,2.28,29.98,medium,low,8,namecheap,,,17/09/2026 18:33
0a07ec21-48cc-4521-a61d-db2867b46ce0,texted.best,available,2.35,22.99,medium,low,6,namesilo,,,20/09/2026 17:16
0c75d8a9-04af-4a55-bd11-ba57e4f001b4,vault.best,resell,,,high,medium,5,Dynadot Inc,22/04/2026 17:37,22/04/2027 23:59,26/09/2026 09:56
d490dbf4-3d79-4e4c-ac95-c81f141c68a9,citibank.best,available,2.35,17.79,high,medium,8,namesilo,,,
8e7a0e6c-1cf9-4297-bfef-3e5046a986e1,mottled.best,available,29.99,29.99,medium,low,7,name.com,,,13/08/2026 17:41
a5b7ae86-2a55-4712-b71c-df2ac3f2e1ee,akha.best,available,2.35,22.99,medium,low,4,namesilo,,,17/09/2026 23:55
724b389c-12da-4a16-ae59-3aa6894d3ce8,teller.best,available,2.35,22.99,high,low,6,namesilo,,,22/09/2026 02:23
7dd048eb-9ab9-4532-a1eb-c3b3faaffa1d,qualities.best,available,1.68,18.88,medium,low,9,spaceship,,,28/09/2026 08:30
00d3a1cf-fbe6-47d9-bc7c-b7e6f3a646d2,lamar.best,available,2.28,29.98,high,low,5,namecheap,,,25/09/2026 16:19
f5135020-2617-4c89-826e-c905f77e744e,abidjan.best,available,2.35,22.99,medium,low,7,namesilo,,,16/09/2026 15:38
a3a67f1c-e0ee-44d6-9cbc-8aa7c7596952,earlyish.best,available,2.28,29.98,medium,low,8,namecheap,,,14/08/2026 22:29
965ce7c8-8462-42c5-9986-e96bb75693c8,disparity.best,available,2.35,17.79,medium,low,9,namesilo,,,
98639db2-6040-460b-83a8-5deef92d7845,gnomic.best,available,2.28,29.98,medium,low,6,namecheap,,,20/08/2026 15:44
fe00cd02-88af-4a47-9b14-516ba9a761c3,macaulay.best,available,1.68,18.88,medium,low,8,spaceship,,,28/09/2026 14:12
99ac324a-8934-4f81-b81a-19e185a89859,ibidem.best,available,2.28,29.98,medium,low,6,namecheap,,,15/09/2026 01:34
684e1673-1b19-4221-bb50-610a250a532d,eyed.best,available,2.28,29.98,high,low,4,namecheap,,,17/08/2026 20:00
f7c0cb4f-57ff-4094-b933-4d3b7a5afc8d,shunning.best,available,2.28,29.98,medium,low,8,namecheap,,,21/09/2026 09:50
e9097e0e-8f99-40b1-92b3-97c8973a4db0,offered.best,available,2.35,17.79,medium,low,7,namesilo,,,
40ba9a60-22a7-47af-b1b4-2313f55ee578,magnitude.best,available,1.73,18.69,high,low,9,porkbun,,,29/09/2026 01:37
77e6cad3-4df5-4bb5-ad87-215fef593bb2,steroids.best,premium,104.29,104.29,medium,low,8,namecheap,,,19/09/2026 19:38
5b86f7ad-06e8-4132-b4a8-3081541291f9,keyes.best,available,1.68,18.88,medium,low,5,spaceship,,,28/09/2026 16:42
8897c076-f856-4620-8c64-6cfa26157b12,undulate.best,available,2.28,29.98,medium,low,8,namecheap,,,12/09/2026 08:33
346763cb-659c-4717-99ed-6cf96dfedc39,lunchboxes.best,available,2.35,22.99,medium,low,10,namesilo,,,21/09/2026 09:13
f7987221-2974-4050-ae0c-870929d0c2c8,blasting.best,available,2.28,29.98,high,low,8,namecheap,,,10/08/2026 13:10
578b748f-0cc3-4fbf-91b5-904ccc5b5464,revealed.best,available,2.35,22.99,high,low,8,namesilo,,,27/09/2026 22:35
7ba3a97f-4624-4d9d-85d8-93198576dab7,unsound.best,available,2.35,22.99,medium,low,7,namesilo,,,24/09/2026 16:24
164708e3-16d2-47ba-a88a-ab5d35b6a237,readings.best,available,2.35,22.99,medium,low,8,namesilo,,,28/09/2026 23:42
de4dfcac-b1d5-4a1b-82c4-924d45b293ba,bistre.best,available,2.35,22.99,medium,low,6,namesilo,,,23/09/2026 22:12
d8b152c7-011d-48aa-b40b-89b029fe0d50,rolf.best,available,1.68,18.88,high,low,4,spaceship,,,28/09/2026 06:01
0aadf354-0fcf-49e2-a1c6-97f1f5aa0631,meagre.best,available,2.28,29.98,medium,low,6,namecheap,,,24/08/2026 18:04
46606101-c129-4d50-bc3a-8c033684aa4a,mini.best,premium,103.77,103.77,high,high,4,namecheap,,,25/09/2026 20:20
ec2e2e10-220f-4e43-913a-46b38e5bfe61,backless.best,available,2.28,29.98,medium,low,8,namecheap,,,08/08/2026 05:48
84bbb014-a42f-45e1-9662-d0c00b0ea50d,belvedere.best,available,2.35,22.99,high,medium,9,namesilo,,,22/09/2026 12:20
5f0c0800-91cb-4555-9ce2-8f04acb98a1a,retroflex.best,available,2.28,29.98,medium,low,9,namecheap,,,11/08/2026 12:37
e82817f9-f87f-4452-97c2-98c34fe7f922,cinque.best,available,2.28,29.98,medium,low,6,namecheap,,,
2fe50002-93a8-447b-b3cf-71abf2ffb6d5,crest.best,resell,,,high,low,5,,,,28/09/2026 18:32
09b540b7-769f-48b7-b3cb-21331b1eb4f9,surprising.best,available,2.35,22.99,high,low,10,namesilo,,,28/09/2026 02:05
cfd5364c-7746-448f-b89c-5fe1e9a955d6,cornelius.best,available,2.28,29.98,high,low,9,namecheap,,,25/09/2026 15:10
6889d320-ebf1-4bf2-89a6-d5a84414a893,amateur.best,available,1.68,18.88,high,low,7,spaceship,,,29/09/2026 03:23
2c0d15ca-2ef0-44ac-ae24-15e318d72b96,protecting.best,available,2.35,22.99,high,low,10,namesilo,,,27/09/2026 02:52
19328e56-f401-4780-88d3-6899b23b2189,drums.best,available,2.28,29.98,medium,low,5,namecheap,,,18/09/2026 11:40
9f1451be-27b9-46c4-9c89-12f462a84138,belongs.best,available,2.28,29.98,medium,low,7,namecheap,,,25/09/2026 20:38
9d31e950-8567-4cfc-8703-4b2674bff4a4,aboriginal.best,available,2.28,29.98,high,low,10,namecheap,,,
ca0ce223-e516-485a-a422-afa7c1b2829c,tradition.best,available,2.35,17.79,high,low,9,namesilo,,,
48823ccd-8902-483a-bddc-846288427938,entangled.best,available,2.28,29.98,medium,low,9,namecheap,,,16/08/2026 13:26
77bbc8ff-fdb9-42dc-9fee-151e2924ad1e,nervously.best,available,2.28,29.98,medium,low,9,namecheap,,,15/09/2026 16:28
5905b153-6478-4b48-b292-2663cc83575e,blaeberry.best,available,2.28,29.98,medium,low,9,namecheap,,,23/09/2026 15:39
591e7f04-7a73-40f8-8abf-2d56175bbb80,visionary.best,available,2.28,29.98,high,low,9,namecheap,,,13/09/2026 06:13
5cb2abf8-45cf-4b31-af2a-456d09dd4ea0,stemless.best,available,2.28,29.98,medium,low,8,namecheap,,,
ffd8b041-78e7-4670-86c2-c22255cdb94e,alienate.best,available,2.28,29.98,medium,low,8,namecheap,,,
487f038f-ee73-4d37-825c-bdfba96d5906,whereas.best,available,23.08,,high,low,7,namecheap,,,
02e02766-378e-410f-8b66-c1142886b197,sufi.best,available,2.28,29.98,high,low,4,namecheap,,,11/09/2026 01:14
52c40006-ed60-449d-b3ad-4b3059250313,quotable.best,available,2.28,29.98,medium,low,8,namecheap,,,09/09/2026 09:10
cc131b92-e7cf-492c-8742-845d1ec13925,barque.best,available,2.35,22.99,high,low,6,namesilo,,,22/09/2026 07:48
67dc6062-bcd4-40e6-beea-a5f62d72adae,fashionable.best,available,1.68,18.88,high,low,11,spaceship,,,28/09/2026 15:41
e84b6bb1-43a2-461f-adc6-0b088900c021,straw.best,available,2.28,29.98,high,low,5,namecheap,,,10/09/2026 22:03
dfd95df3-bc86-4330-b493-be85ca47f2a7,captivated.best,available,2.28,29.98,medium,low,10,namecheap,,,09/08/2026 09:52
3d39ed4b-22da-4b13-a555-f07ca3a4b0ba,caper.best,available,2.35,22.99,high,low,5,namesilo,,,22/09/2026 06:32
79a58a5e-be7f-4df3-bbca-ccd4814733c7,agrippina.best,available,2.28,29.98,medium,low,9,namecheap,,,17/09/2026 19:33
308d9e8a-deb0-45f7-8b00-678b295b73cf,ataraxic.best,available,2.28,29.98,low,low,8,namecheap,,,07/08/2026 12:49
5c338eee-9c4d-4eb2-bc39-8a95d88db218,fermium.best,available,2.35,22.99,medium,low,7,namesilo,,,20/09/2026 21:55
8bf51096-f4da-43de-bb77-e646185aeeb8,baluster.best,available,2.28,29.98,medium,low,8,namecheap,,,22/09/2026 00:22
5cf09448-9a62-4537-9af1-b0f95bc50a6c,marly.best,available,2.28,29.98,medium,low,5,namecheap,,,24/08/2026 16:08
a56d3a74-e19d-45dd-bb34-986739923317,text.best,premium,83.3,83.3,high,medium,4,namesilo,,,28/09/2026 02:24
63182bb7-82b4-4ffc-98aa-63902a4d812b,icu.best,premium,83.3,83.3,high,low,3,namesilo,,,
18d04136-8a07-4903-8916-80d86ba6ee79,parachute.best,available,2.35,22.99,high,low,9,namesilo,,,28/09/2026 13:43
36e36f5f-4b5d-45ce-aa4b-52c9c1855b62,cute.best,resell,,,high,low,4,"Spaceship, Inc.",03/06/2026 20:47,03/06/2027 23:59,26/09/2026 05:23
88f1afde-044b-4c37-9790-1c050a209a13,sorbonne.best,available,1.68,18.88,medium,low,8,spaceship,,,28/09/2026 20:07
fdba8772-301f-483c-a196-7251d49d6363,bernstein.best,available,2.35,22.99,high,low,9,namesilo,,,23/09/2026 10:01
9a6555dd-9e22-48fb-93d0-cd5d98c84392,convinced.best,available,2.35,17.79,high,low,9,namesilo,,,
124423fe-c98e-45df-93cc-09cf52b2f128,vessel.best,available,2.35,22.99,high,low,6,namesilo,,,27/09/2026 16:11
247eac72-0ef5-46e6-9a72-a8ffc0643f19,pockets.best,available,2.35,22.99,medium,low,7,namesilo,,,27/09/2026 02:53
d7e9ea5c-8fe8-4a7d-be2c-baf067051011,valueable.best,available,2.35,17.79,medium,low,9,namesilo,,,
69379947-a8bf-455f-989c-657f3fba290a,antenatal.best,available,2.35,22.99,medium,low,9,namesilo,,,22/09/2026 05:59
ddaa7053-1880-40de-a73a-392c10d32151,unruffled.best,available,2.28,29.98,high,medium,9,namecheap,,,08/09/2026 20:15
162145a1-68d2-4b51-ac4a-3dd3584b73c3,employ.best,available,2.35,17.79,high,low,6,namesilo,,,
65f3a0ba-426c-4100-ae6f-1fca7958c6d9,albums.best,premium,95.52,95.52,low,low,6,namesilo,,,29/09/2026 05:39
b905a66e-d41a-45a5-8246-178a10bee6bb,elfin.best,available,2.28,29.98,medium,low,5,namecheap,,,16/08/2026 03:37
3e1f3453-832b-4158-9aab-9585fd1a2353,poinciana.best,available,2.28,29.98,high,low,9,namecheap,,,23/09/2026 20:09
b2277016-1655-4ec3-b428-084c991a847a,argue.best,available,2.35,17.79,medium,low,5,namesilo,,,
afc625f4-1275-4f90-ae0e-68b3aa0fa26b,salon.best,premium,96.3,96.3,high,low,5,namesilo,,,22/09/2026 22:23
3e753706-2f9a-40fb-83f7-cc6cf383f11d,rajasthan.best,available,1.68,18.88,medium,low,9,spaceship,,,29/09/2026 03:42
3488bdb2-407d-40b6-bb69-715c664a6630,curly.best,available,2.28,29.98,high,low,5,namecheap,,,13/08/2026 11:23
f90edec8-bdf3-4527-a537-c283d6d34173,gymnasium.best,available,2.35,22.99,high,low,9,namesilo,,,29/09/2026 01:11
61f68ab8-b735-40d3-8b4c-dd5195d1fcb5,cyclosis.best,available,2.28,29.98,medium,low,8,namecheap,,,10/09/2026 22:24
d48b103a-ec6e-4718-b24c-7e0dc66afaaf,reps.best,available,2.35,22.99,high,low,4,namesilo,,,21/09/2026 08:18
05dda18f-ebc1-482d-ab16-29088404f79c,cyclopean.best,available,29.99,29.99,medium,low,9,name.com,,,13/08/2026 13:51
a40d6032-5a57-4727-8e0f-ec581aeff400,arendt.best,available,2.35,22.99,medium,low,6,namesilo,,,20/09/2026 03:43
554e8bec-5967-4fc7-aeb9-4a457556c540,sallow.best,available,2.28,29.98,high,medium,6,namecheap,,,09/09/2026 20:56
9157f3d6-a152-43ec-8e4f-5659a144a075,sprucely.best,available,2.28,29.98,medium,low,8,namecheap,,,15/09/2026 15:17
2ecfd1b0-1234-4f74-b13b-de222681ddf1,seriously.best,available,2.35,22.99,medium,low,9,namesilo,,,28/09/2026 13:17
4006f483-fd11-46a5-99b8-7a68f001079a,assuage.best,available,2.28,29.98,high,low,7,namecheap,,,18/08/2026 22:06
85324458-c62c-4f7e-801d-de4bd8c80a3c,notice.best,available,2.28,29.98,high,low,6,namecheap,,,24/09/2026 16:29
ec1fde61-4886-4250-8a2e-aaaeabf8b68d,sheraton.best,available,2.35,17.79,high,high,8,namesilo,,,
95df0c05-6ad5-452c-908e-5ce4e6b66c9f,colon.best,available,2.35,22.99,high,low,5,namesilo,,,20/09/2026 15:16
e1e8caf6-eeda-4f6b-b22d-449607c395ea,duple.best,available,2.28,29.98,medium,low,5,namecheap,,,14/08/2026 20:37
6a2a5fa9-cbb4-4ad9-9295-49c4a589ea58,monoatomic.best,available,2.28,29.98,medium,low,10,namecheap,,,25/08/2026 04:18
32405d0b-4dd1-4369-a4f5-499d8e07e53e,ammonia.best,available,2.35,22.99,high,low,7,namesilo,,,18/09/2026 22:08
700555c3-37bb-4d7e-a69d-2b9c27a87e0f,upfront.best,available,2.28,29.98,high,low,7,namecheap,,,12/09/2026 23:09
1a0119cd-b956-4876-a94e-c91073981f04,drool.best,available,2.35,22.99,medium,low,5,namesilo,,,21/09/2026 23:48
fb0f43c4-cdc5-468c-b99a-4ebd98c8e8e3,autodidact.best,available,2.28,29.98,high,low,10,namecheap,,,21/09/2026 06:15
be0c75a9-b4fd-4ef0-88f9-b3d03751e4c8,doubts.best,available,2.28,29.98,low,low,6,namecheap,,,28/09/2026 04:45
0cb40ce1-3f08-46f1-a853-481afb31531e,verbal.best,available,2.35,22.99,high,low,6,namesilo,,,28/09/2026 10:13
8afd4759-2e52-4599-95fd-3631ab0f0628,askance.best,available,2.28,29.98,medium,low,7,namecheap,,,07/08/2026 02:56
fa6cc73d-30bb-4dd9-bcc5-8a55cf0d650d,beefcake.best,available,2.28,29.98,medium,low,8,namecheap,,,23/09/2026 01:06
8de7501d-49a4-4bfc-9455-a9cab85d757a,underclass.best,available,2.28,29.98,medium,low,10,namecheap,,,12/09/2026 07:22
57347541-be95-4ae7-8400-40d7ee3c0ea6,mop.best,available,23.08,,high,low,3,namecheap,,,
fdda8879-5746-4447-870a-c57b7e014762,rochelle.best,available,1.68,18.88,medium,low,8,spaceship,,,28/09/2026 22:08
cd3ce365-caed-4416-8b75-125897afcb41,malawian.best,available,2.28,29.98,medium,low,8,namecheap,,,24/08/2026 13:40
871b447e-26fa-4b55-9f53-a41d371248f1,beveridge.best,available,2.35,22.99,medium,low,9,namesilo,,,23/09/2026 12:04
6c7a13f5-64aa-4d4b-baf1-bb3792e839f8,assiduity.best,available,2.35,22.99,medium,low,9,namesilo,,,20/09/2026 16:21
a446b369-ae67-44c5-a1bc-7c901497b8c6,promptly.best,available,2.28,29.98,high,low,8,namecheap,,,09/09/2026 08:42
d5f1e07e-2837-4acb-b873-62f4012026f4,barlow.best,available,1.63,18.47,high,low,6,dynadot,,,29/09/2026 03:31
c2f59f88-6e21-4dc1-8ae9-c386fc5b8130,injuries.best,available,1.68,18.88,low,low,8,spaceship,,,27/09/2026 21:38
2493c1ca-b4a6-49be-aaa9-51be5894a397,usb.best,available,2.35,22.99,high,low,3,namesilo,,,28/09/2026 03:21
d1746220-510e-4caa-ad7b-80bb21b3f25f,astrakhan.best,available,2.35,22.99,medium,low,9,namesilo,,,20/09/2026 17:31
882e86ca-0b5b-4a55-b4ae-c334e423a28a,babassu.best,available,2.35,22.99,medium,low,7,namesilo,,,21/09/2026 12:15
8b621925-4b82-4b36-8a1c-ebf0a5129fce,submarine.best,available,2.28,29.98,high,low,9,namecheap,,,11/09/2026 00:16
c555919b-5211-4a51-9274-dc2828a4e65d,kvetch.best,available,2.28,29.98,medium,low,6,namecheap,,,08/09/2026 20:36
d25e6f85-1536-48fb-bc5e-cb1e49af9d73,antoninus.best,available,2.35,22.99,medium,low,9,namesilo,,,19/09/2026 15:34
5d61e6b8-dadc-4557-94e1-558590bc1202,metrical.best,available,2.28,29.98,medium,low,8,namecheap,,,24/08/2026 22:08
3f36fa48-2966-45f0-9ca7-00fbb60f5c25,april.best,available,2.35,22.99,high,medium,5,namesilo,,,28/09/2026 21:59
ba8bf6cb-4c49-40eb-bbbc-34929d5425b7,howso.best,available,2.35,17.79,medium,low,6,namesilo,,,
9ec41bb1-9496-4bf4-a0e7-6a4e734567f8,politely.best,available,2.35,22.99,medium,low,8,namesilo,,,28/09/2026 14:24
84ce0d76-b9d3-4786-9adb-6f5f1b5cdd22,pickaback.best,available,2.28,29.98,medium,low,9,namecheap,,,15/09/2026 19:48
d78c7008-da4e-4c68-8693-b11cb1c76d79,ephemeral.best,available,2.28,29.98,high,low,9,namecheap,,,17/08/2026 10:17
182c0ebe-5857-4aaa-b34c-312dc635681d,unprovable.best,available,2.28,29.98,medium,low,10,namecheap,,,12/09/2026 17:29
3bd4eeec-c04d-469f-90d8-3e70550d336a,monotonic.best,available,2.28,29.98,medium,low,9,namecheap,,,25/08/2026 05:23
476eb768-3a98-4755-ba76-4f5b87747f09,engineers.best,available,2.35,22.99,high,low,9,namesilo,,,28/09/2026 04:20
737ca279-bfe3-47ec-be78-983ebc68b851,griffon.best,available,2.35,22.99,medium,low,7,namesilo,,,23/09/2026 05:02
b2755d23-9891-4843-8944-a8f4fef60894,aves.best,available,2.35,22.99,medium,low,4,namesilo,,,21/09/2026 09:17
3c05fe9b-f544-4e67-b61c-f6284a736650,bairn.best,available,2.28,29.98,medium,low,5,namecheap,,,21/09/2026 19:31
af0906c7-77cc-47c0-ae33-d05767065918,blemish.best,available,2.35,22.99,medium,low,7,namesilo,,,24/09/2026 05:30
dc78bb86-c4a8-431d-8bb3-6ac11d2a12d9,insanity.best,available,1.63,18.48,high,low,8,dynadot,,,28/09/2026 02:09
474f158a-a783-4571-9ce1-11910da2ae54,antipathy.best,available,2.28,29.98,medium,low,9,namecheap,,,19/09/2026 14:53
ee8e683e-96b2-4179-aaa1-e8e47d701f34,qualifying.best,available,2.28,29.98,high,low,10,namecheap,,,23/08/2026 12:37
e081db4e-f1dc-4163-af53-b25f32448982,former.best,available,2.28,29.98,high,low,6,namecheap,,,24/09/2026 21:24
1713c2c1-62e2-498e-9bcd-a179457040d6,passable.best,available,2.35,22.99,medium,low,8,namesilo,,,24/09/2026 16:16
58f1b11f-e838-4a06-8be6-fa6d64e964db,easily.best,available,2.35,22.99,high,low,6,namesilo,,,24/09/2026 13:14
3c501bf1-3ca5-46d7-bf73-71b3755cabe2,peninsula.best,available,2.35,17.79,high,low,9,namesilo,,,
95748b80-98e3-4852-8c0b-bfb94a45cc80,amharic.best,available,2.28,29.98,medium,low,7,namecheap,,,
085768d8-80dd-4b22-91a1-636fc8de0b79,transplant.best,available,33.99,33.99,high,low,10,godaddy,,,28/09/2026 02:03
c38bd751-c5e0-47ff-b0c0-333fe6439fe8,spellbound.best,available,2.28,29.98,high,low,10,namecheap,,,17/08/2026 22:54
4da5fac2-8a1a-4037-998c-4f84252d6fea,westside.best,available,2.28,29.98,high,low,8,namecheap,,,13/09/2026 11:00
da148a00-95c5-4a99-97f3-e4a7188a0dec,barye.best,available,2.35,22.99,medium,low,5,namesilo,,,22/09/2026 03:48
5c4daed4-f1a6-4223-b55e-37ec96e6876c,rivera.best,available,2.28,29.98,high,low,6,namecheap,,,25/09/2026 04:54
19ae671c-e5bc-4317-9f5f-3c54acfd918a,ownerless.best,available,2.28,29.98,medium,low,9,namecheap,,,04/09/2026 22:18
46a1c1a1-5057-40c1-9074-fffd9b5362a2,kick.best,resell,,,high,high,4,"Spaceship, Inc.",27/08/2026 15:11,27/08/2027 23:59,27/09/2026 03:59
70b959e9-1fda-4625-b9d1-b61e56281831,vivian.best,available,2.35,22.99,high,low,6,namesilo,,,28/09/2026 03:58
db3e1c67-5f52-49e3-ac8c-07e1be9b1b00,noises.best,available,1.73,22.45,low,low,6,porkbun,,,28/09/2026 13:21
88db266c-e4da-4367-9773-4aada11cc2bc,compliment.best,available,2.35,22.99,high,low,10,namesilo,,,24/09/2026 16:50
d3d3f37c-492b-4232-ac4e-ddad825bb4c0,emotional.best,available,2.28,29.98,high,low,9,namecheap,,,16/08/2026 15:56
65376926-3ea1-415c-843a-5f9eb257a5bb,asio.best,available,2.35,22.99,medium,low,4,namesilo,,,20/09/2026 14:18
aca45e47-ca81-4281-9f0b-9ead9c1c6b63,sublime.best,available,2.28,29.98,high,low,7,namecheap,,,17/08/2026 15:39
f073fcf7-fba0-49ab-b31f-4af0c0b50a2d,forthright.best,available,2.28,29.98,high,low,10,namecheap,,,11/08/2026 16:42
986f7a3d-2a0c-4b0e-99e4-b5d4e001f50b,intention.best,available,2.28,29.98,high,low,9,namecheap,,,22/08/2026 07:55
aae07fbe-b244-4d57-958e-4ba15bdf4bae,monoclonal.best,available,2.35,22.99,medium,low,10,namesilo,,,19/09/2026 05:27
17a2570a-4aa1-40ea-8767-e88202c84fb1,petalous.best,available,2.28,29.98,medium,low,8,namecheap,,,08/09/2026 18:15
d937ad9f-7594-4c7f-a87a-b49abe2980d8,lateral.best,available,2.28,29.98,high,low,7,namecheap,,,22/08/2026 20:34
73dafe06-c1da-4be4-be97-d3095aa3be67,edges.best,available,2.35,22.99,medium,low,5,namesilo,,,28/09/2026 22:54
7899e2d3-705a-4cab-b3ff-23bf4c3ae3cb,replicate.best,available,2.28,29.98,high,low,9,namecheap,,,14/08/2026 21:26
680a84aa-c8a5-4a2e-acef-c76a7c1bb8ab,shoe.best,premium,95.52,95.52,high,low,4,namesilo,,,29/09/2026 03:56
010d822c-5d1f-4f26-92fb-3eea0d06b118,slave.best,available,2.35,17.79,high,low,5,namesilo,,,
c182fc5f-4dbd-4cb3-a2e2-1f940381c7b5,cement.best,available,2.35,22.99,high,low,6,namesilo,,,25/09/2026 09:03
d51c0174-44d2-47d9-9a54-a9d04fea8228,robbers.best,available,2.28,29.98,low,low,7,namecheap,,,28/09/2026 23:38
fb833f6e-52be-48e4-9aab-cf7e8b9d7392,guiltless.best,available,2.28,29.98,high,low,9,namecheap,,,12/08/2026 10:18
b58718f4-97b0-440e-938f-15c40728c122,organs.best,available,2.35,17.79,high,low,6,namesilo,,,
52d85055-c7c6-4533-bd83-052b17adcf4f,jaded.best,available,2.28,29.98,medium,low,5,namecheap,,,22/08/2026 11:58
3370c647-4395-4ab2-a551-e327c97bd09a,interrupted.best,available,1.68,18.88,medium,low,11,spaceship,,,28/09/2026 08:46
413d5b00-bf76-4ba7-8bfe-084bcbbdba93,pablo.best,available,2.35,22.99,high,low,5,namesilo,,,28/09/2026 11:58
074c0939-467e-47c3-aac9-3a1a4e791a14,bitty.best,available,2.28,29.98,high,low,5,namecheap,,,10/08/2026 07:51
ba70802d-6793-4885-b7d3-7fe6793dc262,privileged.best,available,2.35,22.99,high,low,10,namesilo,,,27/09/2026 06:20
faae65d1-1383-4fdb-8604-a2cb3ec3d617,hiemal.best,available,2.28,29.98,medium,low,6,namecheap,,,11/08/2026 06:40
18a9063e-53fc-407b-8372-1ff6f0f0243d,inbuilt.best,available,2.28,29.98,high,low,7,namecheap,,,11/08/2026 08:08
17c81178-16b3-4095-be78-2fa988ec38d8,timetable.best,available,1.68,18.88,high,low,9,spaceship,,,28/09/2026 20:39
5f11471a-31e7-4f85-8f75-dcbd616a1efa,wispy.best,available,2.28,29.98,medium,low,5,namecheap,,,13/09/2026 12:43
6d46ce6a-5cff-4e08-a8ef-9a842292ffd7,transmitter.best,available,2.35,22.99,high,low,11,namesilo,,,28/09/2026 15:46
cd73daf8-2126-4a24-b41c-98e77ed09c75,stated.best,available,2.28,29.98,high,low,6,namecheap,,,10/09/2026 19:08
8089a562-6744-4350-a3ea-83e3e30636ec,wingless.best,available,2.28,29.98,medium,low,8,namecheap,,,13/09/2026 12:31
ddf3c7b5-3bf0-4202-aa34-be869a83fd17,effortful.best,available,2.28,29.98,medium,low,9,namecheap,,,15/08/2026 16:20
eeb6477c-6e09-4647-bc71-9e30342f4468,southampton.best,available,2.35,22.99,medium,low,11,namesilo,,,25/09/2026 14:27
66cc4f52-0007-4e34-9a8e-9bba73df6698,fortissimo.best,available,2.28,29.98,high,low,10,namecheap,,,18/08/2026 12:41
ac5f7445-dbf1-4bf8-b5b4-65a64dc01f57,auntie.best,available,2.35,22.99,high,low,6,namesilo,,,21/09/2026 04:11
114b1293-a098-4e8e-8834-ca0dc4f46ef2,courteous.best,available,2.28,29.98,high,low,9,namecheap,,,24/09/2026 00:40
d9c94652-b9be-4d66-aeeb-fa03667ae3b7,jamaican.best,available,2.28,29.98,high,low,8,namecheap,,,22/08/2026 12:11
426b3a9e-f1d4-4484-ae89-4a602d7ca56a,unveiled.best,available,2.28,29.98,high,low,8,namecheap,,,12/09/2026 22:05
0211f0c0-2d50-45f1-b5aa-e2a1d169ebd7,martinez.best,available,2.35,22.99,medium,low,8,namesilo,,,28/09/2026 12:21
2262acf5-7cbd-4583-9f4d-d55fc7e7eaae,aggregate.best,available,2.28,29.98,high,low,9,namecheap,,,
b0d900b9-3b2a-4502-9bbc-c3dc59ec0bcd,upmarket.best,available,2.28,29.98,high,low,8,namecheap,,,12/09/2026 23:13
6d59cef2-fb55-429d-811f-529220777893,granddad.best,available,23.08,,high,low,8,namecheap,,,
8e803fd6-8e07-43c8-b9a7-deaf50ba7755,hypothetical.best,available,2.35,22.99,medium,low,12,namesilo,,,29/09/2026 02:54
17f67252-49d2-49e6-8d82-9df5a01c78d3,ten.best,resell,,,high,low,3,"NameCheap, Inc.",05/08/2017 04:43,05/08/2027 23:59,26/09/2026 09:33
8e664119-3e14-4517-8ab4-c40694c2d32d,oafish.best,available,2.28,29.98,medium,low,6,namecheap,,,10/08/2026 19:32
8868b66a-c60e-46e8-9bbc-2755a01d8b25,lap.best,available,2.35,22.99,high,low,3,namesilo,,,28/09/2026 02:11
507eceaa-4d9a-4dd7-bc28-50da10d397ce,lascivious.best,available,2.28,29.98,medium,low,10,namecheap,,,22/08/2026 20:04
236be3f7-a511-48c7-8d77-170631a219cf,ninety.best,available,2.28,29.98,high,low,6,namecheap,,,
e450d25d-0cf7-4145-b827-a203c09de695,infernal.best,available,2.28,29.98,high,low,8,namecheap,,,10/08/2026 12:50
61c013df-7f49-4933-a202-579a13dfc122,leering.best,available,2.35,22.99,medium,low,7,namesilo,,,25/09/2026 05:58
1339d6d0-2f96-40cc-91c8-0e4dc9d29984,imposed.best,available,2.28,29.98,medium,low,7,namecheap,,,21/08/2026 22:50
9f05f565-e378-4b58-9e96-e5f0fd92801a,bedamn.best,available,29.99,29.99,low,low,6,name.com,,,13/08/2026 16:21
936ec4fe-3945-4057-abfa-732ff6f2f17a,antic.best,available,2.28,29.98,high,low,5,namecheap,,,
992f30c4-6918-4c21-82f4-c13e46ff0051,troublous.best,available,2.28,29.98,low,low,9,namecheap,,,11/09/2026 20:27
822376f4-7263-4584-ae22-d03c409f2288,ascendency.best,available,2.35,22.99,high,low,10,namesilo,,,20/09/2026 13:06
ff39a480-5ac3-4f31-8c29-8baa45b9c1f2,harmonised.best,available,2.28,29.98,high,low,10,namecheap,,,12/08/2026 22:52
21b93319-f619-43fe-b721-0c78c967244a,carpus.best,available,2.35,22.99,medium,low,6,namesilo,,,20/09/2026 11:32
709b2829-a9ba-4d74-80ba-db9981ccfb69,laudable.best,available,2.28,29.98,high,low,8,namecheap,,,06/08/2026 07:01
130b6106-5af9-4e7e-8924-ba9b81dee243,neophyte.best,available,2.28,29.98,medium,low,8,namecheap,,,18/08/2026 07:34
93ce9dc1-27c9-417d-9a2e-739b571b7211,urban.best,premium,82.63,82.63,high,low,5,spaceship,,,28/09/2026 10:00
536edcb1-73f5-4545-8ee4-6aa858e05eba,amerind.best,available,2.28,29.98,medium,low,7,namecheap,,,
e79989a8-1805-4fbb-8d13-a336ab498dc4,her.best,premium,1022.98,1022.98,high,low,3,namesilo,,,
18ab36b4-19a2-41aa-8f59-5a87f4d6e008,nne.best,available,2.28,29.98,high,low,3,namecheap,,,15/09/2026 16:50
cb53a811-158c-455b-b236-a936a3bd3eec,rigel.best,available,2.35,22.99,medium,low,5,namesilo,,,23/09/2026 10:56
fe391b27-ed75-4605-9135-311cbeefa584,adult.best,resell,91,91,high,low,5,"GoDaddy.com, LLC",15/06/2026 08:12,15/06/2027 23:59,26/09/2026 01:23
a1d30703-d0b8-41d5-a6bc-ac55feb11804,jewels.best,premium,3167.27,3167.27,high,low,6,namesilo,,,18/09/2026 06:31
18cd9b9c-3334-40cb-8cf4-c6e63be93858,possibility.best,available,2.35,22.99,high,low,11,namesilo,,,25/09/2026 16:40
e7486989-d914-46c0-962e-aa59e8b9e893,disdain.best,available,2.35,22.99,medium,low,7,namesilo,,,24/09/2026 17:41
66ff749d-1584-45ef-b952-3ab0713778d7,abscess.best,available,2.35,22.99,medium,low,7,namesilo,,,16/09/2026 17:31
9bdfe571-9d83-4d3a-ab13-479215418323,genesis.best,resell,,,high,medium,7,Dynadot Inc,07/02/2026 16:23,07/02/2027 23:59,29/09/2026 03:33
5b3b2829-1d72-4ff8-8df8-60ccf5bd2d9e,immune.best,available,2.28,29.98,high,low,6,namecheap,,,21/08/2026 21:26
517e078b-a1cf-4e29-ad32-57939f9676bf,shaded.best,available,2.28,29.98,medium,low,6,namecheap,,,10/09/2026 05:23
9c1279a2-5149-4d4d-be4d-6386bda5848f,hawkins.best,available,1.68,18.88,medium,low,7,spaceship,,,28/09/2026 09:24
42a27e44-5c1d-4ea6-bc16-e72fa0677724,maldon.best,available,2.35,22.99,medium,low,6,namesilo,,,22/09/2026 15:25
b0148f42-0d27-4465-8be4-cb75c9dd443c,washer.best,available,2.35,22.99,medium,low,6,namesilo,,,21/09/2026 06:54
733e21a7-1aa2-449a-b0be-8c921195ee03,instruct.best,available,23.08,,high,low,8,namecheap,,,
9127b27c-db06-48ca-9ea5-7971c6c675b8,balefire.best,available,2.35,22.99,medium,low,8,namesilo,,,21/09/2026 21:52
ecec2f77-a319-4145-b7ed-70110118eca6,edgeless.best,available,2.28,29.98,medium,low,8,namecheap,,,15/08/2026 08:37
03da112b-eda3-486c-87e2-7cad7ccd85bf,visualized.best,available,2.28,29.98,high,low,10,namecheap,,,24/09/2026 14:20
243b6e0b-09c2-45b4-95b0-00c3a2de5a42,soviet.best,available,2.28,29.98,high,medium,6,namecheap,,,10/09/2026 15:00
30a5fcb2-6f58-46d6-b551-62d1b2dc3323,bleached.best,available,2.28,29.98,medium,low,8,namecheap,,,10/08/2026 13:52
8a0f0017-29eb-4d69-a00d-61f5c9b9d423,navigable.best,available,2.28,29.98,medium,low,9,namecheap,,,03/09/2026 14:13
38c1c979-2b78-4846-bf4a-7b08cceb88a8,honey.best,premium,97.09,97.09,high,medium,5,namesilo,,,09/08/2026 13:51
6f5eaf94-77c5-44c1-b2fb-da5abfd062d4,songbirds.best,available,2.35,22.99,medium,low,9,namesilo,,,21/09/2026 08:44
ce7aa84b-d3fc-4697-83ae-e5753c74c30a,blackboard.best,available,2.35,22.99,high,low,10,namesilo,,,24/09/2026 02:09
82d81b74-3ab5-4ced-9d32-d88dca8c1781,womanish.best,available,2.28,29.98,medium,low,8,namecheap,,,13/09/2026 12:58
ae8dd035-6a01-4c70-b69c-3be78e296538,reception.best,available,2.35,17.79,high,low,9,namesilo,,,
e4556c21-3860-4101-a86e-0d82165d3436,aftermath.best,available,2.35,22.99,high,low,9,namesilo,,,17/09/2026 15:43
f68c881b-f564-40b4-99bd-4a532b840643,identifier.best,available,2.35,17.79,high,low,10,namesilo,,,
b430771b-95bb-493b-a8c5-85dd4487df31,enliven.best,available,2.35,22.99,high,low,7,namesilo,,,22/09/2026 04:56
2528aa1a-fe60-4a67-96e1-60b3374096a4,zany.best,available,2.28,29.98,high,low,4,namecheap,,,11/08/2026 08:04
f0d527c4-1bcb-49f2-9378-93aa31e90cad,pigheaded.best,available,2.28,29.98,medium,low,9,namecheap,,,11/08/2026 08:32
6bd90799-5c9e-4f9c-942f-fb22c6bf3621,wives.best,available,23.08,,medium,low,5,namecheap,,,
2dce2a98-4dcc-435b-9b9c-f0d397c39b66,ismail.best,available,1.68,18.88,medium,low,6,spaceship,,,28/09/2026 11:55
01fd8c2f-c7eb-45af-8f8c-e52453be4901,completing.best,available,2.35,22.99,high,low,10,namesilo,,,23/09/2026 17:20
9743fd9b-2177-4831-b0f9-3e9e08a38423,cheerfully.best,available,1.68,18.88,high,low,10,spaceship,,,28/09/2026 13:48
67f71512-1cef-46c5-b516-052eb2a4ab57,adulthood.best,available,2.35,22.99,high,low,9,namesilo,,,17/09/2026 10:25
f7e452a2-699a-48cd-9b19-1a12314bc9b7,latitude.best,available,2.35,17.79,high,low,8,namesilo,,,
7005fed0-53d2-43da-ba9f-73052d1b62af,boat.best,premium,1163.21,1163.21,high,low,4,namesilo,,,29/09/2026 03:06
ac761021-5ef8-48d3-ae2f-3beb19b1c0e8,congested.best,available,2.28,29.98,medium,low,9,namecheap,,,12/08/2026 21:46
734e2f4a-0f87-44bd-b511-be190fc7f53c,adps.best,available,2.35,22.99,medium,low,4,namesilo,,,17/09/2026 09:53
69b5c22d-a39e-46d8-b1c5-6688fe932cc3,intuitions.best,available,2.28,29.98,medium,low,10,namecheap,,,20/09/2026 19:28
0be462db-c2e1-415a-968a-7cd197cd696e,lava.best,resell,,,high,low,4,Dynadot Inc,28/07/2026 00:07,28/07/2027 23:59,26/09/2026 07:09
7a8d7d13-40ac-4420-8726-51e0d36544fa,procurable.best,available,2.28,29.98,medium,low,10,namecheap,,,18/08/2026 23:08
6c82a08e-4c4f-41b6-8ca7-9c9f88dc225c,sultry.best,available,2.28,29.98,medium,low,6,namecheap,,,10/09/2026 20:31
c7d48b4e-4223-4feb-ae39-1dd5510bb5b8,akhbari.best,available,2.28,29.98,medium,low,7,namecheap,,,17/09/2026 23:56
1583c808-c69a-45f5-a66d-89bf3b1ae9e1,dawdler.best,available,2.28,29.98,medium,low,7,namecheap,,,22/08/2026 18:40
17cadefc-9f4d-45a8-8d63-b4ec1c4ad217,unmarried.best,available,2.28,29.98,medium,low,9,namecheap,,,12/09/2026 15:26
16bece00-3468-4895-a022-a3aa67331d1a,publically.best,available,2.28,29.98,medium,low,10,namecheap,,,15/09/2026 06:33
e93fb9f3-d03f-41db-95cb-5f6d381f7a44,trustfully.best,available,2.28,29.98,high,low,10,namecheap,,,14/09/2026 08:14
f1fc7d97-35da-4675-b45c-4f7fcba037ea,shaving.best,available,1.68,18.88,medium,low,7,spaceship,,,28/09/2026 20:07
533cc294-3cb9-4dff-a972-c62ced644ded,brainwaves.best,available,2.35,22.99,medium,low,10,namesilo,,,20/09/2026 12:58
49d50b91-eaef-4000-86c1-98220f947fb3,althaea.best,available,2.35,22.99,medium,low,7,namesilo,,,18/09/2026 14:53
af48bd1c-1e89-476b-a547-931bec24f709,institution.best,available,2.35,22.99,high,low,11,namesilo,,,27/09/2026 08:25
60faa1c5-d6d8-4e4d-942f-f9542f010301,alalia.best,available,2.35,22.99,medium,low,6,namesilo,,,18/09/2026 01:40
79526827-26c8-4124-99f1-4a840beb9491,womanly.best,available,2.28,29.98,high,low,7,namecheap,,,13/09/2026 13:03
7b19fc47-3fef-4ab2-b35e-c3c019e58c2f,longways.best,available,2.28,29.98,medium,low,8,namecheap,,,22/08/2026 23:44
c51ba965-f511-4696-b9b5-b56d04b69e58,proves.best,available,2.35,22.99,medium,low,6,namesilo,,,18/09/2026 07:04
5be33437-f33d-4b8f-bd18-9f34f94b1881,conjointly.best,available,2.28,29.98,medium,low,10,namecheap,,,14/09/2026 07:27
35da3c0c-2e48-4a0f-9ddc-aab84809fd1a,treasonous.best,available,2.28,29.98,medium,low,10,namecheap,,,17/08/2026 21:20
f847ddc9-1b45-437a-be6d-5773a7acd94a,riskless.best,available,2.28,29.98,high,low,8,namecheap,,,09/09/2026 17:59
5ba0f5d6-8972-4f84-97aa-01428ba51867,liveable.best,available,2.28,29.98,medium,low,8,namecheap,,,24/08/2026 07:44
0b0d4ed5-a0ea-4a8c-bc1b-0523a83636a0,singsong.best,available,2.28,29.98,medium,low,8,namecheap,,,12/08/2026 02:09
4e5a2587-6c65-4d69-bc6f-31a3d92645e8,contribution.best,available,2.35,22.99,high,low,12,namesilo,,,28/09/2026 04:30
95d7f0ff-e3a2-42f3-ace8-c9c8033f8841,lynchburg.best,available,1.68,18.88,medium,low,9,spaceship,,,28/09/2026 14:48
9d77effc-33e3-4b6e-8da2-4632714b6c94,admonition.best,available,2.35,22.99,medium,low,10,namesilo,,,17/09/2026 09:03
566b2173-2bf7-4d4c-af3c-51482f67abc0,abasia.best,available,2.35,22.99,medium,low,6,namesilo,,,16/09/2026 14:05
541ce368-93ea-45d6-b531-5a41b3739249,advisement.best,available,2.28,29.98,high,low,10,namecheap,,,17/09/2026 11:32
f2acd8da-4cc5-4b96-8c5d-0942e15275ff,modishly.best,available,2.28,29.98,medium,low,8,namecheap,,,15/09/2026 15:15
811717f0-4770-4909-aa41-2dc533aa5e17,atrovent.best,available,2.35,22.99,medium,low,8,namesilo,,,21/09/2026 01:03
f28b52be-f753-460e-a341-af80c3058314,certainly.best,available,2.28,29.98,high,low,9,namecheap,,,24/09/2026 21:00
c900a9eb-3c80-4537-b7ed-82fcc5cc41df,kicking.best,available,2.35,17.79,high,low,7,namesilo,,,
f262dd95-8866-479c-b33f-4bdbdc81678f,conduct.best,available,2.35,22.99,high,low,7,namesilo,,,23/09/2026 03:13
739945d0-cc86-4686-ae4d-42ff449d5b91,inimical.best,available,2.28,29.98,medium,low,8,namecheap,,,22/08/2026 05:20
61d681bc-ec91-4d1f-b0a2-e83bd699f13b,accepted.best,available,2.35,22.99,high,low,8,namesilo,,,21/09/2026 15:25
467d1aa3-7a63-4798-b13e-6e4d31139abe,postal.best,available,2.28,29.98,high,low,6,namecheap,,,09/09/2026 00:18
8c7d76ed-3e4c-47da-b3a2-7bbeeb0f6bcd,alhakim.best,available,2.28,29.98,medium,low,8,namecheap,,,18/09/2026 00:38
d5bfd30b-4c6b-4704-9bf8-08921c4f73c0,terminators.best,available,2.35,22.99,low,low,11,namesilo,,,20/09/2026 12:06
fc8a6567-a0ce-433a-9db6-b3ebbc3ce89f,require.best,available,2.35,17.79,high,low,7,namesilo,,,
cb4d5a0a-50a7-40b4-ae85-19fa27eb588e,steaming.best,available,2.28,29.98,medium,low,8,namecheap,,,10/09/2026 19:42
000fad86-9540-4103-8d6d-b30a8220c64c,piece.best,available,2.35,22.99,high,low,5,namesilo,,,20/09/2026 09:57
34542526-fd9b-4bd1-83bb-86e04a55d402,overly.best,available,2.28,29.98,medium,low,6,namecheap,,,14/09/2026 16:48
13738414-a474-4491-ad57-f685d2a40f34,dominion.best,available,2.35,22.99,high,low,8,namesilo,,,24/09/2026 23:09
bcbb8976-e8a9-4ca4-b451-1cc660c583bd,demolished.best,available,2.28,29.98,medium,low,10,namecheap,,,14/08/2026 01:21
820b2f95-fb6b-4293-a920-566ef4dc4f56,octuple.best,available,2.28,29.98,medium,low,7,namecheap,,,15/08/2026 21:25
101ef733-ed95-40c4-a91e-74d3f5a6acbd,herakles.best,available,2.28,29.98,high,low,8,namecheap,,,18/09/2026 04:05
cba8667a-447e-4c4d-987c-d4f8e424c068,clorox.best,available,2.35,22.99,high,low,6,namesilo,,,24/09/2026 15:53
685feae0-0c32-4d3d-b6cd-6ee1c1e8452b,stria.best,available,2.28,29.98,medium,low,5,namecheap,,,22/09/2026 01:18
11b85787-5cc9-4500-81e2-192b6166c34d,narrator.best,available,2.28,29.98,high,low,8,namecheap,,,27/09/2026 04:49
522632ed-8649-4603-898d-321df9126c2f,grotesque.best,available,2.28,29.98,medium,low,9,namecheap,,,
e7d9a92e-4077-4b84-91e1-ffa0482a1695,disrupted.best,available,2.28,29.98,medium,low,9,namecheap,,,14/08/2026 12:19
d478758e-d5b5-43d9-9f86-97dadc91f3d7,synonymous.best,available,2.28,29.98,high,low,10,namecheap,,,11/09/2026 06:31
86e61994-b9cd-400e-b2b8-fe4e70902f9b,fractured.best,available,2.35,22.99,medium,low,9,namesilo,,,28/09/2026 11:38
d629c1a4-1997-442e-88b9-c0f2092c3dff,unstarred.best,available,2.28,29.98,medium,low,9,namecheap,,,12/09/2026 01:15
9d6bc7d9-3197-40d6-a270-23342c878fea,breaks.best,available,2.35,22.99,medium,low,6,namesilo,,,17/09/2026 22:04
a1956f0b-2ad4-4ae7-a4c5-4778cb6e91ce,introduce.best,available,2.35,17.79,high,low,9,namesilo,,,
69e391a0-b8c7-40c9-ab42-d4f1c024fe1b,stilt.best,available,2.28,29.98,medium,low,5,namecheap,,,21/09/2026 04:51
bc0a537c-fb38-49d4-8c36-c6a3cbc4209a,lipitor.best,available,2.35,22.99,high,low,7,namesilo,,,21/09/2026 00:35
3325b489-e3e5-479b-9c60-ded9df740d97,agreement.best,available,1.68,18.88,high,low,9,spaceship,,,28/09/2026 08:10
1bbb92ee-0c2b-4224-a04f-ee233ac8f933,etch.best,available,2.35,17.79,high,low,4,namesilo,,,
2ba3dc7b-c46d-4d92-b9a6-aefb25cb9964,nguyen.best,available,2.35,22.99,high,low,6,namesilo,,,28/09/2026 04:48
fc721059-4d30-420b-af25-f18ec9d7b693,birthmark.best,available,2.28,29.98,medium,low,9,namecheap,,,23/09/2026 21:13
ad37cca6-2f12-4252-a61d-d84acb8f8217,refusal.best,available,1.68,18.88,medium,low,7,spaceship,,,29/09/2026 02:01
36187964-82d7-41c5-90ea-5e67a30e59cf,celebrity.best,available,2.35,22.99,high,low,9,namesilo,,,24/09/2026 13:24
65348786-70d9-48a4-8014-b1a3cb0eec59,bindweed.best,available,2.35,22.99,medium,low,8,namesilo,,,23/09/2026 17:12
8a6169f0-6c23-4eaa-a696-686e45c58017,woodbridge.best,available,1.68,18.88,medium,low,10,spaceship,,,28/09/2026 16:49
bf077e3e-8ac8-42ff-9207-a53ada879e0d,within.best,available,2.28,29.98,high,low,6,namecheap,,,28/09/2026 16:47
371538c2-fc9d-4243-a6a6-9815d3290406,looks.best,premium,83.3,83.3,high,low,5,namesilo,,,
ac338598-5c03-4caf-9641-900abfea617d,headstrong.best,available,2.28,29.98,medium,low,10,namecheap,,,18/08/2026 16:35
d142b684-e821-4315-bec4-80c36b8699d6,unplayable.best,available,2.28,29.98,medium,low,10,namecheap,,,12/09/2026 16:54
60dc845e-08b9-44a9-a251-2ad4c8302165,amputation.best,available,2.35,22.99,medium,low,10,namesilo,,,18/09/2026 23:52
14c17a33-02c2-4887-9394-d7d8c8a6bd71,removable.best,available,2.28,29.98,medium,low,9,namecheap,,,03/09/2026 23:44
3931f939-7202-4866-8567-0861025f9eb4,neighborly.best,available,2.28,29.98,high,low,10,namecheap,,,03/09/2026 15:16
0112cada-136e-4e44-b3c6-b94e81d5e01d,ablation.best,available,2.35,22.99,medium,low,8,namesilo,,,16/09/2026 16:05
ce4c4b85-5fef-4ee7-9724-a5c435753065,bella.best,resell,,,high,low,5,Edomains LLC,12/11/2021 09:31,12/11/2026 23:59,26/09/2026 04:21
4ba16b30-c736-4f72-8554-8961357a809f,spray.best,available,2.28,29.98,high,low,5,namecheap,,,28/09/2026 23:02
a4553b96-7719-44f6-885e-862fa607c7e5,consequent.best,available,2.28,29.98,high,low,10,namecheap,,,
a0c6d53b-9f72-4160-bc6a-2624e8ada9b0,drippy.best,available,2.28,29.98,medium,low,6,namecheap,,,09/08/2026 00:32
736da0b2-efd2-4d8a-a338-9a1d00b46bcd,voluntarily.best,available,2.35,17.79,high,low,11,namesilo,,,
aa2e7fbe-b85e-4875-83af-5803c0060fcc,sunstruck.best,available,2.28,29.98,medium,low,9,namecheap,,,11/09/2026 02:01
fdb80f79-5f6e-4f9c-a64e-26d0840efc09,defend.best,available,2.35,22.99,high,low,6,namesilo,,,23/09/2026 13:40
5813c3a7-e08f-4869-89e8-51c4c5fedf5e,aerobatics.best,available,2.35,22.99,high,low,10,namesilo,,,17/09/2026 12:53
25a79f83-393a-4ba2-88a8-bed0e363af87,detached.best,available,2.35,22.99,medium,low,8,namesilo,,,24/09/2026 07:07
68d95899-595d-4d1e-aaf9-48448b667df1,alcidae.best,available,2.28,29.98,medium,low,7,namecheap,,,18/09/2026 04:02
b8150271-88c4-4182-905d-c8089d433411,foetid.best,available,2.28,29.98,medium,low,6,namecheap,,,18/08/2026 02:26
71a7abb4-5687-4c91-88d0-0e5d4faf2359,intrigue.best,available,2.35,17.79,high,low,8,namesilo,,,
a6cce4f7-a8f5-46f7-898b-a917731b6096,fecund.best,available,2.28,29.98,medium,low,6,namecheap,,,18/08/2026 00:34
db8a6243-43ae-41ad-9611-580a8ea0f5f4,fantasy.best,premium,95.6,95.6,high,low,7,namesilo,,,24/09/2026 16:36
433ae614-6d42-445f-aae2-2148c1f51a18,birdbath.best,available,2.28,29.98,high,low,8,namecheap,,,23/09/2026 20:31
ece0ad45-40e1-4241-ace8-d4e11fe792f7,rumbling.best,available,2.28,29.98,medium,low,8,namecheap,,,20/08/2026 20:34
680314e4-373e-4bea-a6a5-de6a0537ed37,unsworn.best,available,2.28,29.98,medium,low,7,namecheap,,,12/09/2026 20:53
8dc6d74d-c7a4-479c-81a4-9153c0338e4b,exceptional.best,available,2.35,22.99,high,low,11,namesilo,,,28/09/2026 11:15
f69078c9-79fd-4846-bcc8-11aa4cde9533,cranial.best,available,2.28,29.98,medium,low,7,namecheap,,,13/08/2026 04:49
f32e4135-84e7-4ed5-8b01-19b067505f24,erin.best,available,2.28,29.98,high,low,4,namecheap,,,28/09/2026 05:36
e6563b5c-2d3c-4386-9f5f-f4b50956bc5f,squawky.best,available,2.28,29.98,low,low,7,namecheap,,,11/08/2026 12:26
920e054d-f47f-4bfa-ab7c-b46f352ae18b,spontaneous.best,available,2.35,17.79,high,low,11,namesilo,,,
cb99986e-9f4b-4a17-998a-c9c0741e7f2e,pollen.best,available,2.35,17.79,high,low,6,namesilo,,,
5f93a95e-40bf-4655-9788-f498a684e124,durable.best,available,2.35,22.99,high,low,7,namesilo,,,24/09/2026 12:29
51bd63c8-0812-4164-bb12-a37898efa246,editorial.best,available,2.28,29.98,high,low,9,namecheap,,,15/08/2026 11:07
6ee7b405-c64d-4cad-a3a8-fa224399fc71,iberian.best,available,2.28,29.98,high,low,7,namecheap,,,21/08/2026 17:32
e00185b2-43fe-42a3-96a9-18e4e441aac2,emulator.best,available,2.35,22.99,medium,low,8,namesilo,,,19/09/2026 16:28
bba38ac4-8da8-4977-ab2c-ce5b03f50fef,ascensive.best,available,2.28,29.98,medium,low,9,namecheap,,,07/08/2026 00:46
6c81699d-19f6-4e33-b961-b083f15ee7a9,expert.best,resell,,,high,low,6,"Sav.com, LLC - 40",08/04/2026 00:29,08/04/2027 23:59,28/09/2026 06:38
07e88b4d-4910-4c4f-8e15-70b588002705,quicker.best,available,2.28,29.98,high,low,7,namecheap,,,14/09/2026 17:44
3bd7c383-f50e-4e2d-92f8-0b82bd72c3c0,beechnut.best,available,2.28,29.98,medium,low,8,namecheap,,,23/09/2026 00:13
793c186a-9953-48c3-ac7f-ea770c3bed2a,spiritless.best,available,2.28,29.98,medium,low,10,namecheap,,,10/09/2026 15:54
6b203e22-7b3c-4845-b614-7cf04f9e81b0,pitchy.best,available,2.28,29.98,medium,low,6,namecheap,,,12/08/2026 13:45
07ca58a3-155d-46ee-aa39-fb474dfcb403,starred.best,available,2.28,29.98,medium,low,7,namecheap,,,07/08/2026 08:52
5fcc99b5-39af-460a-9289-5b84014b80b3,okeh.best,available,2.28,29.98,high,low,4,namecheap,,,03/09/2026 23:21
cd536232-b5e4-465e-8c9a-9d60f392a070,conflicted.best,available,2.35,17.79,medium,low,10,namesilo,,,
0b826ca6-f1cc-4bb7-ac3e-79d2788efafd,dumbarton.best,available,1.68,18.88,medium,low,9,spaceship,,,29/09/2026 04:37
558d03e4-4798-40d1-a353-492ab6bdf71f,topical.best,available,2.28,29.98,high,low,7,namecheap,,,11/09/2026 17:42
bca459ec-371f-4bd3-9b9d-8e7591235905,progression.best,available,23.08,,high,low,11,namecheap,,,
790f1b1a-4653-49ef-b5a8-16f867764d36,perforate.best,available,2.28,29.98,high,low,9,namecheap,,,08/09/2026 16:54
ab4522ce-b8d4-4bdd-84bb-f3992f455dde,atlanta.best,resell,,,high,low,7,Dynadot Inc,16/01/2024 18:11,16/01/2027 23:59,26/09/2026 04:06
ccfa11eb-ede1-4789-8003-9ad7d72cb284,saharan.best,available,2.28,29.98,high,medium,7,namecheap,,,09/09/2026 20:49
d7a2a05f-a049-4098-ab28-85236175cb6e,proximate.best,available,2.28,29.98,high,low,9,namecheap,,,09/09/2026 04:46
dd81f7e3-aa79-4d8f-8e8f-332c8dcb10f9,hungry.best,available,2.35,22.99,high,low,6,namesilo,,,25/09/2026 06:41
e7bf15a2-583d-48b8-b4a5-9f591cdd80a9,plated.best,available,2.35,22.99,high,low,6,namesilo,,,17/09/2026 05:15
253094c4-2756-484b-aa48-24bd300bc4ac,angara.best,available,2.35,22.99,medium,low,6,namesilo,,,19/09/2026 05:44
09e7f0ef-c009-4e05-9327-ff57d4cdce92,politic.best,available,2.28,29.98,high,low,7,namecheap,,,08/09/2026 23:06
55a7356d-c785-478a-bd38-d711dc550f69,pamphlet.best,available,2.35,22.99,high,low,8,namesilo,,,24/09/2026 07:11
351d7677-a0cd-4b90-8995-222ae67af1b9,exams.best,available,1.63,18.48,medium,low,5,dynadot,,,28/09/2026 23:32
a6dde965-cd8d-46b4-8fed-2f4048a70db2,deborah.best,available,2.35,22.99,medium,low,7,namesilo,,,28/09/2026 12:59
3062e432-abce-48b1-a724-a5859534486c,confidante.best,available,2.28,29.98,high,low,10,namecheap,,,24/09/2026 17:12
f11160bc-7b6a-4b6b-9779-9a21eebf5032,rotary.best,available,2.28,29.98,high,low,6,namecheap,,,04/09/2026 17:37
d488fb90-640e-48b2-bb91-d7774714f3f2,momentous.best,available,2.28,29.98,high,low,9,namecheap,,,25/08/2026 03:59
a888aa2f-503f-4d42-81bf-24643ef0371e,arse.best,available,,,medium,low,4,,,,
0a4b130b-597f-4f04-8827-69592b796413,anthropic.best,resell,,,high,high,9,"Sav.com, LLC",06/09/2025 17:44,06/09/2027 23:59,26/09/2026 03:54
a191289f-d3c9-487a-8271-3b7c64620838,adelaide.best,available,2.35,22.99,high,low,8,namesilo,,,17/09/2026 07:13
bdbd51a5-8ec0-4472-9da7-1653a14f12b9,boys.best,premium,95.57,95.57,high,low,4,namesilo,,,25/09/2026 17:34
55cb3f05-76c5-4905-9969-ae753a7c8597,louise.best,available,2.35,22.99,high,low,6,namesilo,,,25/09/2026 13:47
e6e58fc1-0a69-4f3b-aea8-f8cf5e4e8a82,pillock.best,available,2.28,29.98,low,low,7,namecheap,,,10/09/2026 23:13
a772da0a-1040-4a42-974a-22c2363c825a,motherly.best,available,2.28,29.98,high,low,8,namecheap,,,25/08/2026 07:06
f97fdbf3-9659-4eec-b323-982c8b59e91c,ovarian.best,available,2.28,29.98,medium,low,7,namecheap,,,04/09/2026 19:55
1066444f-c634-48e0-9df3-6c58ccf41d87,civilian.best,available,2.28,29.98,high,low,8,namecheap,,,12/08/2026 09:04
53e717bf-63ac-4ba9-a1d4-154731142a4d,conflict.best,available,2.35,22.99,high,low,8,namesilo,,,22/09/2026 14:40
625c24e6-5dd8-4867-a089-eab2cb899be7,heedful.best,available,2.28,29.98,medium,low,7,namecheap,,,
576150c6-6946-48eb-815c-601b7d77fbfe,narrow.best,available,2.28,29.98,high,low,6,namecheap,,,03/09/2026 13:22
0f05953e-d48c-4413-bbf8-1fa7db00b557,conclude.best,available,2.35,22.99,high,low,8,namesilo,,,28/09/2026 10:47
c629d43a-ad79-4715-bc02-6df68cac3019,begotten.best,available,2.28,29.98,medium,low,8,namecheap,,,09/08/2026 09:11
5fa84082-71a1-4cb0-82f4-6bd369659973,argonaut.best,available,2.28,29.98,medium,low,8,namecheap,,,20/09/2026 04:31
420a7c82-540e-4ba8-9409-d781231a0bad,sonant.best,available,2.28,29.98,medium,low,6,namecheap,,,10/09/2026 14:08
f07e44e3-3f92-4a94-9833-8600cecdaa6a,foreign.best,available,,,high,low,7,,,,
f907ead5-0ac4-454d-a471-3bf3cab42c94,tbd.best,available,23.08,,high,low,3,namecheap,,,
5474cf56-bfc0-4e4b-9490-361fdf50ff22,request.best,premium,95.58,95.58,high,low,7,namesilo,,,28/09/2026 22:34
5e618ebb-e715-4179-9575-f25d4fac19cd,necessary.best,available,2.35,22.99,high,low,9,namesilo,,,24/09/2026 15:21
aabe28f7-eb8e-4c78-8820-2f519e923b3e,foamy.best,available,2.28,29.98,high,low,5,namecheap,,,11/08/2026 07:20
eaef2687-61f4-414f-b04e-3e64935329ba,lane.best,premium,1022.98,1022.98,high,low,4,namesilo,,,
9d490c99-3a9a-4c24-b152-65a8c27d00c2,lollygag.best,available,2.28,29.98,medium,low,8,namecheap,,,11/09/2026 08:29
27712b08-262f-4a1b-a0d3-7a99a8eec3d4,significantly.best,available,2.35,17.79,medium,low,13,namesilo,,,
7372dad0-8adf-4778-ae01-e159022b5a26,crustal.best,available,2.28,29.98,medium,low,7,namecheap,,,13/08/2026 09:20
7cbe44c2-f378-42b4-8e14-716440ae943e,recap.best,available,2.35,17.79,high,low,5,namesilo,,,
7dbd259d-8ad3-4d39-afe0-84742024d799,greenside.best,available,2.28,29.98,medium,low,9,namecheap,,,20/08/2026 19:54
17275ff9-8442-40c6-bf3b-fc81283e0875,capsulate.best,available,2.28,29.98,medium,low,9,namecheap,,,11/08/2026 18:10
afe6a6dc-781a-4b8b-a286-ed7873c11302,arng.best,available,2.35,22.99,medium,low,4,namesilo,,,20/09/2026 08:02
10492c2d-91e5-4592-9e64-5695106085b8,flit.best,available,2.28,29.98,high,low,4,namecheap,,,18/08/2026 07:46
83cd2691-e346-4825-8147-50794c66b9ad,clamp.best,available,2.35,22.99,medium,low,5,namesilo,,,24/09/2026 15:19
b184b787-59f6-4b97-983b-561f308517f2,anatomical.best,available,2.28,29.98,medium,low,10,namecheap,,,
dac77c7e-0f85-4e2d-a60e-b8797ae731c6,melanesian.best,available,2.28,29.98,medium,low,10,namecheap,,,24/08/2026 19:29
f08bc495-33fc-42fb-bedc-2cc983874443,acknowledged.best,available,23.08,,high,low,12,namecheap,,,
c4ce79fc-4622-473e-945a-9a097ef2a362,annals.best,available,2.35,22.99,high,low,6,namesilo,,,19/09/2026 10:05
39909cee-225f-4fdc-97e3-9f466d4fb6f9,areas.best,available,2.28,29.98,medium,low,5,namecheap,,,27/09/2026 10:01
f8b8b181-5467-41c6-9968-2fcbcb245d5a,combative.best,available,2.28,29.98,medium,low,9,namecheap,,,
cb06fd49-601f-461e-9254-980122fc9d1e,biopsy.best,available,2.28,29.98,high,low,6,namecheap,,,23/09/2026 18:55
7f586298-352e-4de8-9e55-c8756d79fadd,adherence.best,available,2.35,22.99,high,low,9,namesilo,,,17/09/2026 07:58
6351509e-297c-476b-bfcb-cafdcacb111a,zippo.best,premium,97.33,97.33,high,low,5,namesilo,,,03/09/2026 22:45
c2396e7d-2eb9-46c2-95f6-f287a3a88c3c,womb.best,available,2.28,29.98,high,low,4,namecheap,,,28/09/2026 20:42
ffd2de9f-f993-458a-9fa5-acacd5336521,bamboo.best,resell,,,high,medium,6,"Sav.com, LLC",09/09/2025 15:30,09/09/2027 23:59,26/09/2026 04:14
5c13af01-0f4e-4c58-afbe-8de1d147f8e5,tunnel.best,premium,95.57,95.57,high,low,6,namesilo,,,25/09/2026 03:48
53538ecf-2667-404d-8e1b-58e408175403,datable.best,available,29.99,29.99,medium,low,7,name.com,,,13/08/2026 18:36
dd2189ae-4637-4667-aa06-25d88cb7a8fa,anuria.best,available,2.35,22.99,medium,low,6,namesilo,,,19/09/2026 15:55
c2739cd0-ee41-49b5-b027-5ebeccb65355,steely.best,available,2.28,29.98,medium,low,6,namecheap,,,10/09/2026 19:47
744a0d05-bdbf-47bd-8174-1c23c57ca92a,consistent.best,available,2.28,29.98,high,low,10,namecheap,,,12/08/2026 16:01
b16e68a8-098b-400e-a7d1-bfa832e894ea,redundant.best,available,2.28,29.98,medium,low,9,namecheap,,,17/08/2026 16:08
4fb2a034-3bab-4dbf-98e0-ec08e81ce62d,howling.best,available,2.28,29.98,high,low,7,namecheap,,,21/08/2026 14:24
416d502c-ede9-4171-a22d-ac32058546b1,herewith.best,available,2.28,29.98,medium,low,8,namecheap,,,15/09/2026 00:27
b43e2324-598d-4e8d-8da9-bc27ea523f85,francs.best,available,1.68,18.88,low,low,6,spaceship,,,28/09/2026 13:09
334f5dcc-58b9-4804-9a76-c416bb5250b9,granddaughter.best,available,2.35,17.79,high,low,13,namesilo,,,
0dbbe08e-ed1f-4c49-88d1-98e05ff20006,messaging.best,available,2.35,22.99,high,low,9,namesilo,,,25/09/2026 03:29
d21a24e0-93f3-4149-8d61-e11f87c20975,tear.best,available,2.28,29.98,high,low,4,namecheap,,,26/09/2026 00:12
5f7a2d84-ebdf-4cba-8e24-ec64ca08b5e2,ramsons.best,available,2.35,22.99,medium,low,7,namesilo,,,18/09/2026 11:34
3c06969b-bdf5-4be1-b90b-5169d0c3184d,tonic.best,available,2.35,22.99,high,low,5,namesilo,,,19/09/2026 16:01
50f21781-224b-48ce-ad7b-6139fb922fcd,strep.best,available,2.28,29.98,medium,low,5,namecheap,,,10/09/2026 22:28
11dacf88-0f50-4365-acf8-67e9781b11ff,detective.best,available,2.35,17.79,high,low,9,namesilo,,,
42d6146d-e490-432d-866b-aafdd3a72364,acc.best,premium,1180.44,1180.44,high,low,3,namesilo,,,16/09/2026 21:45
65a84a4d-4317-410e-bedc-62c4a99b2ea2,amiable.best,available,2.28,29.98,high,low,7,namecheap,,,21/09/2026 21:32
0cd9e236-12bc-4d33-9a69-c5521c2e4735,wheatley.best,available,1.68,18.88,medium,low,8,spaceship,,,29/09/2026 01:49
fd7a216b-696f-49c7-aed5-8feba6d758af,stoical.best,available,2.28,29.98,medium,low,7,namecheap,,,10/09/2026 20:59
c72c27bf-f54c-4c7b-aa97-6a5f7c786a57,bombing.best,available,1.68,18.88,medium,low,7,spaceship,,,27/09/2026 11:45
c4bba0cf-5e8e-4c91-94fb-0cc1be369877,wakeful.best,available,2.28,29.98,medium,low,7,namecheap,,,04/09/2026 16:03
e66f51f0-b260-447d-ac2c-ae1bd0c9cc47,leash.best,available,2.28,29.98,high,low,5,namecheap,,,
4fd1e7b4-86c3-4137-a037-0b16ea0fe586,unscathed.best,available,2.28,29.98,high,low,9,namecheap,,,12/09/2026 12:03
c4ee60ad-1cb9-4faa-96d0-8fdbccb73eee,copied.best,available,2.35,22.99,medium,low,6,namesilo,,,28/09/2026 17:26
33d724e6-f76b-4385-a789-5d8e34814167,showered.best,available,2.35,22.99,medium,low,8,namesilo,,,20/09/2026 16:51
96df13bd-9158-4f21-ac6c-ee62e859e45b,bourbon.best,premium,103.84,103.84,high,low,7,namecheap,,,24/09/2026 07:37
d81dbfd8-8137-4373-a660-2ce63970e768,purple.best,resell,,,high,medium,6,Dynadot Inc,04/08/2026 00:05,04/08/2027 23:59,26/09/2026 08:25
f9640042-a353-48e3-9202-dec6149dd7d1,excites.best,available,2.35,22.99,medium,low,7,namesilo,,,20/09/2026 13:19
b58f67d3-528f-4ac0-bb67-a77a68cb7d16,bestowal.best,available,2.35,22.99,medium,low,8,namesilo,,,23/09/2026 10:39
180457be-c3cb-43d6-bf14-af14aabcb946,prismatic.best,available,2.28,29.98,high,low,9,namecheap,,,09/09/2026 02:09
33dcab3f-da81-4a8d-8061-88222f774577,clear.best,resell,,,high,medium,5,Dynadot Inc,20/02/2026 00:05,20/02/2027 23:59,26/09/2026 04:58
87b51b01-c239-4639-9d0c-b5614036cb95,persuade.best,available,1.73,18.69,high,low,8,porkbun,,,27/09/2026 16:35
2f10cecf-d898-4867-a0dd-aadc6aa1d482,tacking.best,available,2.28,29.98,medium,low,7,namecheap,,,22/09/2026 12:46
8bfddb31-5486-4dbc-85b0-3fe36d462886,housebound.best,available,2.28,29.98,medium,low,10,namecheap,,,21/08/2026 10:56
8e80da39-b3ac-44c4-9d31-aae8fef9a1c5,thyroid.best,available,2.28,29.98,high,low,7,namecheap,,,11/09/2026 15:18
8fe61305-f041-4496-ae0c-8094996468b9,penumbral.best,available,2.28,29.98,medium,low,9,namecheap,,,08/09/2026 15:25
6f18d8b7-7f90-430f-989c-8dad1d281954,unfortunate.best,available,2.35,22.99,medium,low,11,namesilo,,,26/09/2026 03:07
175dbfa5-ff2a-40de-b7bb-3e3cb116d650,indwelling.best,available,2.28,29.98,medium,low,10,namecheap,,,22/08/2026 03:37
f2b82ea2-52f5-4cf0-a0b3-3385a1de9cc3,cernuous.best,available,2.28,29.98,medium,low,8,namecheap,,,12/08/2026 00:44
0ce7d419-596e-46c5-91a5-269cff8fccbe,females.best,available,2.28,29.98,medium,low,7,namecheap,,,18/09/2026 19:27
54fe3b84-67b6-48a4-a596-6f7c26c025a6,compensation.best,available,1.68,18.88,high,low,12,spaceship,,,29/09/2026 04:39
e7f865a5-35d0-4d27-bf7f-2407f3f1d068,pays.best,available,2.35,22.99,medium,low,4,namesilo,,,25/09/2026 17:21
717b119f-31ec-48ed-9a38-d178dc466e5d,auspices.best,available,2.35,22.99,medium,low,8,namesilo,,,17/09/2026 12:16
fe7bfab4-d656-4170-97cd-7415c7e052fe,astatine.best,available,2.35,22.99,medium,low,8,namesilo,,,20/09/2026 16:55
beca4453-526c-4a6c-abe8-3d4ccd19ac21,abbey.best,available,2.35,22.99,high,low,5,namesilo,,,16/09/2026 14:25
80b10c00-acd9-43ac-a4f0-a33aa4256dbc,pretence.best,available,2.28,29.98,medium,low,8,namecheap,,,25/09/2026 16:31
d69f5a85-3868-4fc1-b292-3d5fd6c6b930,moisture.best,available,2.28,29.98,high,low,8,namecheap,,,13/09/2026 11:06
80244e18-ee5d-4375-8687-4ad8515258c1,talentless.best,available,2.28,29.98,medium,low,10,namecheap,,,11/09/2026 07:28
f2272717-1bd5-455b-96eb-0b9c7f8515b3,precatory.best,available,2.28,29.98,high,medium,9,namecheap,,,09/09/2026 01:11
18f97379-5041-4ea8-8a76-7d198db42263,ant.best,resell,,,high,medium,3,Dynadot Inc,17/07/2026 19:28,17/07/2027 23:59,28/09/2026 21:35
791ef3ba-a0b2-4940-8ea7-55019b8fa26d,driveway.best,available,2.35,22.99,medium,low,8,namesilo,,,28/09/2026 13:54
6bd27530-b9a8-4a67-aaa9-cc39f3029b51,lurid.best,available,2.28,29.98,medium,low,5,namecheap,,,24/08/2026 11:42
32cd57b1-a573-4784-896b-881b4822969b,taunton.best,available,2.28,29.98,medium,low,7,namecheap,,,28/09/2026 05:05
a04689c9-d73a-48e2-8ad3-dd685bd1286e,barebacked.best,available,2.28,29.98,medium,low,10,namecheap,,,08/08/2026 18:44
9b61f94e-92b6-4dd2-bf24-ee18437dcc89,aniline.best,available,2.28,29.98,medium,low,7,namecheap,,,18/09/2026 21:45
c740fcfc-6675-4298-884b-d4b1ee03e140,nerd.best,available,2.35,17.79,high,medium,4,namesilo,,,
21779ab4-e010-4230-b8c1-09ddbcb86c20,sending.best,available,2.28,29.98,high,low,7,namecheap,,,25/09/2026 10:37
2a5ff153-02cb-47df-b688-c64fff76a741,harmonise.best,available,2.28,29.98,high,low,9,namecheap,,,16/09/2026 22:55
d90ff840-2ace-4792-8aff-73235603b76f,fugal.best,available,2.28,29.98,medium,low,5,namecheap,,,18/08/2026 17:38
4553eaa2-da02-4abf-b2b7-549de0fce16f,reprobate.best,available,2.28,29.98,medium,low,9,namecheap,,,14/08/2026 02:38
5126c072-efeb-48cb-9f16-82d25e33c6e1,blithe.best,available,2.28,29.98,high,low,6,namecheap,,,10/08/2026 14:37
f0964a71-1884-4ac9-908d-9e156c5fb399,snarled.best,available,2.28,29.98,high,medium,7,namecheap,,,10/09/2026 12:19
fe4d5029-f16a-4560-9093-9b02a49f32a3,hauteur.best,available,2.28,29.98,medium,low,7,namecheap,,,20/09/2026 09:20
105d5076-7955-4b62-b23a-998d7608341f,shrewd.best,available,2.35,22.99,high,low,6,namesilo,,,22/09/2026 10:37
29600d95-2896-4b15-a3fd-4cbc73b5c118,packable.best,available,2.28,29.98,medium,low,8,namecheap,,,04/09/2026 22:41
b8872fb7-8269-456a-9d21-734ac0e6339c,vigor.best,available,2.35,17.79,high,low,5,namesilo,,,
30c5cf86-3219-4f71-a7f5-f0faa4d4b1a5,bromine.best,available,2.28,29.98,medium,low,7,namecheap,,,20/09/2026 22:58
5153c13e-d46d-40e2-a0d9-cd4ea5d28a97,subscriber.best,available,2.28,29.98,high,low,10,namecheap,,,24/09/2026 17:47
ffa5c2aa-1fe2-4d45-9531-1f07e5a732ca,angelology.best,available,2.35,22.99,medium,low,10,namesilo,,,19/09/2026 06:02
df21018c-10ce-4487-95e0-1e5ddd8e940b,twinning.best,available,2.28,29.98,high,low,8,namecheap,,,10/08/2026 04:17
e2a0ea60-b044-4fe5-a1b7-aab87cdec2cc,facet.best,available,1.68,18.88,high,low,5,spaceship,,,28/09/2026 22:42
9b8af1cc-2314-40c4-b17f-b7134cc5229a,herself.best,available,2.35,22.99,medium,low,7,namesilo,,,26/09/2026 03:24
b9467f9b-cb1a-4fa0-8f8b-53bfda1c14a8,tatum.best,available,2.35,22.99,high,low,5,namesilo,,,20/09/2026 10:00
2a40afbd-3980-4970-bc6a-450a5658fb18,boutique.best,premium,469.92,469.92,high,low,8,spaceship,,,29/09/2026 02:31
f9e7f896-dd33-47be-9371-e07a52c8f0c3,amorpha.best,available,2.35,22.99,medium,low,7,namesilo,,,18/09/2026 22:43
70a4e24e-cd2b-43e6-a4b9-17080c6a6ad5,postdoc.best,available,2.28,29.98,high,low,7,namecheap,,,09/09/2026 00:19
f2df6d49-6432-454c-90a0-2e18b5a24114,lxii.best,available,2.28,29.98,medium,low,4,namecheap,,,
3a1abb34-b468-47ef-8e10-6761eac07ca9,inches.best,available,2.35,22.99,low,low,6,namesilo,,,25/09/2026 20:47
c9772b00-6fca-4865-a83d-2234c1463e8a,porcine.best,available,2.28,29.98,medium,low,7,namecheap,,,21/08/2026 10:21
0a873a58-f42f-45d7-8343-3b8eb9b1cc47,ballup.best,available,2.35,22.99,medium,low,6,namesilo,,,21/09/2026 23:27
b700af68-4662-43c2-a326-ef1c9110206c,ascesis.best,available,2.35,22.99,medium,low,7,namesilo,,,20/09/2026 13:10
592b70a1-1f66-401d-ba1a-9219988d3fde,rhomboidal.best,available,2.28,29.98,medium,low,10,namecheap,,,09/09/2026 16:49
6146e8ce-9cfb-47a1-bce0-c61a616b39ad,wary.best,available,2.28,29.98,medium,low,4,namecheap,,,22/08/2026 22:32
6adea135-a3ec-40b8-a81c-79e906a27508,godhead.best,available,2.28,29.98,medium,low,7,namecheap,,,
6e823f60-2799-484e-a937-13e73f9898ae,near.best,premium,104.31,104.31,high,low,4,namecheap,,,23/09/2026 13:54
1f6029cd-7efc-477f-a929-2331a528623c,abridged.best,available,2.28,29.98,high,low,8,namecheap,,,
adede1ef-34ea-41f5-8514-ecd1a06b27b9,gardiner.best,available,2.35,22.99,medium,low,8,namesilo,,,25/09/2026 06:17
e9565368-4844-4932-8cc0-98de5ec73e1a,backstretch.best,available,23.08,,high,low,12,namecheap,,,
3c7084c7-8e80-45a4-af51-40711bb0b535,stepfather.best,available,1.68,18.88,medium,low,10,spaceship,,,29/09/2026 02:13
0659f789-b8f9-49ce-ab3a-a76f28d0f1f4,berra.best,available,2.35,22.99,medium,low,5,namesilo,,,23/09/2026 10:04
e641417d-5753-4e9d-9cc8-0be195368e6d,dogsledding.best,available,2.28,29.98,medium,low,11,namecheap,,,20/09/2026 01:02
7c75c30b-2b08-4070-9811-9a7d9f91ff96,exercising.best,available,2.35,17.79,high,low,10,namesilo,,,
b491c091-d519-4d0e-8544-f204211ce3b0,frederick.best,available,2.28,29.98,high,low,9,namecheap,,,28/09/2026 01:56
7bb1b5a6-5bcb-4dcc-a548-db416cd7b53d,antiseptic.best,available,2.35,22.99,high,low,10,namesilo,,,22/09/2026 06:54
b17a8cef-3d6b-4ba1-98fd-11e54bbc8739,elimination.best,available,1.68,18.88,high,low,11,spaceship,,,28/09/2026 02:39
85bd56e9-b5bc-47b0-ac14-34b492a3f307,casualties.best,available,2.35,22.99,medium,low,10,namesilo,,,27/09/2026 21:53
4e62e1db-837a-4832-89de-059a7e557fa2,isentropic.best,available,2.28,29.98,medium,low,10,namecheap,,,22/08/2026 10:44
934006a5-eb67-4d3e-ba2d-365f6e50817c,infinity.best,resell,,,high,medium,8,,,,29/09/2026 00:51
5f5171c9-2b33-43fd-ad66-30921ed8b2fe,tempers.best,available,2.35,22.99,medium,low,7,namesilo,,,20/09/2026 14:00
fd2ec406-a5b7-40c2-ae13-e6c1c86932ba,tartness.best,available,2.35,22.99,medium,low,8,namesilo,,,17/09/2026 03:12
e4f30b2a-b6af-408c-9e73-0897ad4477d0,betrayal.best,available,2.35,22.99,medium,low,8,namesilo,,,23/09/2026 11:24
383e03bf-f6de-4dd7-8f83-9a4d41e4b6f1,plunk.best,available,2.28,29.98,medium,low,5,namecheap,,,15/09/2026 20:41
0e78d810-10ee-4238-9b19-eb97c1c1116d,unlabeled.best,available,2.28,29.98,medium,low,9,namecheap,,,12/09/2026 14:28
873bcda6-f4c7-48a0-9c99-6d3c6d8de550,horrifying.best,available,2.28,29.98,medium,low,10,namecheap,,,18/08/2026 15:42
f9c459a6-2d92-4afc-ad36-2b7b0ef5604b,underhand.best,available,2.28,29.98,high,medium,9,namecheap,,,10/09/2026 12:31
7a62e002-3f0e-4e61-a2ef-2f027331c0dc,terminate.best,available,2.35,22.99,medium,low,9,namesilo,,,28/09/2026 14:01
19fddc2a-1bee-4232-9e52-680db86622ce,biosensors.best,available,2.35,22.99,medium,low,10,namesilo,,,21/09/2026 02:37
8b94e3db-dc2d-4376-b3a8-74ae3d59e9d9,proximo.best,available,2.28,29.98,medium,low,7,namecheap,,,09/09/2026 04:40
f7346d46-a8d2-4fc4-9ad9-37b162aecefb,cancerous.best,available,2.28,29.98,medium,low,9,namecheap,,,11/08/2026 16:33
aaef3011-d675-4ddb-8f1f-f7de020227e5,purely.best,available,2.28,29.98,high,low,6,namecheap,,,15/09/2026 22:05
c3856eb2-4f99-4155-9f14-bfb9356c513d,famously.best,available,2.28,29.98,high,low,8,namecheap,,,14/09/2026 16:46
9e462192-a456-4973-8d7e-661e75eb5ecc,nevertheless.best,available,2.35,22.99,medium,low,12,namesilo,,,28/09/2026 22:40
eb504b70-37be-4f0e-a4a9-c3b804ab2572,rory.best,available,1.68,18.88,high,low,4,spaceship,,,28/09/2026 03:38
82bd158c-9215-4600-bd10-d72fa546510c,beefeater.best,available,2.28,29.98,medium,low,9,namecheap,,,23/09/2026 01:09
c896a9df-41fa-4105-83b6-b14f952f28ed,element.best,resell,,,high,low,7,Dynadot Inc,15/06/2026 00:33,15/06/2027 23:59,26/09/2026 05:47
065b47a7-068b-4812-a974-f5fe027345bc,humphrey.best,available,2.35,22.99,high,low,8,namesilo,,,25/09/2026 14:49
f096e9db-44bc-43ce-aeb6-7b25a274cf2b,bourgeois.best,available,2.28,29.98,high,medium,9,namecheap,,,10/08/2026 22:45
c05565fc-734d-4c31-a5ca-f4b9f61a8767,mime.best,available,2.28,29.98,medium,low,4,namecheap,,,24/08/2026 23:33
c6da82df-e2e5-4b2b-ba94-6dac2ab6234b,pillow.best,premium,1184.73,1184.73,high,low,6,namecheap,,,28/09/2026 02:55
3359c3c7-3952-453c-aed7-67ca96c9ac2a,bernice.best,available,1.68,18.88,medium,low,7,spaceship,,,28/09/2026 21:58
0416f6f4-ec13-4a34-ac5f-3799a795eb3e,dipped.best,available,2.28,29.98,medium,low,6,namecheap,,,14/08/2026 08:30
a82733c5-e884-416f-92da-234c7f55998f,scarecrow.best,available,2.35,22.99,high,low,9,namesilo,,,23/09/2026 19:41
abb9d5e6-90fc-45db-a119-40ed8e63db4d,fifties.best,available,2.35,22.99,high,low,7,namesilo,,,16/09/2026 12:10
1235d759-49aa-497a-97a8-9657cb8e07c9,rime.best,available,2.28,29.98,medium,low,4,namecheap,,,21/08/2026 10:08
aa2601ce-b6e3-455b-9b8b-63d1f90d0fb7,mildred.best,available,2.35,22.99,medium,low,7,namesilo,,,28/09/2026 12:04
b564c2c0-5902-48d3-809e-2abe9804bb1b,stonelike.best,available,2.28,29.98,medium,low,9,namecheap,,,08/09/2026 18:26
a6d467a8-801e-4b61-863c-7694ebe67ce2,blankets.best,available,2.35,22.99,medium,low,8,namesilo,,,29/09/2026 05:14
5d28ad2a-436f-4e80-9862-9d33ddeeeac3,localized.best,premium,98.14,98.14,high,low,9,namesilo,,,24/08/2026 08:45
dfb85426-3087-446c-bc66-0b6fd8076c27,consequences.best,available,2.28,29.98,high,low,12,namecheap,,,27/09/2026 08:40
6d9b1d37-6bfa-4048-99a0-c9c5f52dcb02,nutrient.best,available,2.28,29.98,high,low,8,namecheap,,,08/09/2026 11:42
7bf569d4-d148-4e37-bf4c-33b382c87d6f,votive.best,available,2.28,29.98,medium,low,6,namecheap,,,13/09/2026 07:17
7432bed0-605d-46c0-90f5-fd7ac33eab46,rowdy.best,available,2.28,29.98,medium,low,5,namecheap,,,11/08/2026 08:44
0e899660-6f5d-4645-892b-5f90f1047665,ammeter.best,available,2.28,29.98,medium,low,7,namecheap,,,18/09/2026 22:00
19f037ee-4d2e-4de8-8c52-6c0208bbbfcf,salisbury.best,available,2.28,29.98,high,low,9,namecheap,,,24/09/2026 12:37
ebe42446-90b3-4dbf-84aa-1f8b7d644420,lovers.best,premium,95.69,95.69,high,low,6,namesilo,,,27/09/2026 02:55
a0a1a5dc-cacb-4f67-b81c-ff4474344e17,reactions.best,available,2.35,22.99,medium,low,9,namesilo,,,29/09/2026 05:35
ba729bed-8288-44eb-bfba-e4c03767cb5d,movable.best,available,2.28,29.98,high,low,7,namecheap,,,25/08/2026 08:56
641b4f15-c3be-4ffe-9ae0-9ac2c8981d1b,airless.best,available,2.28,29.98,medium,low,7,namecheap,,,
88d9ecf6-4fff-4b34-b691-8e51bc2e6945,degrading.best,available,29.99,29.99,medium,low,9,name.com,,,13/08/2026 20:10
4d8a7c98-0303-46bd-8827-91323020c8d7,grandparents.best,available,2.35,22.99,high,low,12,namesilo,,,18/09/2026 06:12
5bb17eca-1088-4053-84f7-77262b01301d,prostitutes.best,available,2.35,22.99,low,low,11,namesilo,,,28/09/2026 23:58
19c051ec-0436-4955-865d-95dba6b35e22,dakar.best,available,2.35,22.99,high,low,5,namesilo,,,25/09/2026 09:15
d6824eb8-d9b8-422b-b416-6924e887f8df,delaney.best,available,2.35,22.99,medium,low,7,namesilo,,,28/09/2026 04:06
f64d1d62-a5ac-40cd-8b20-cea28e0821ce,diffused.best,available,2.28,29.98,medium,low,8,namecheap,,,14/08/2026 07:08
23d013ed-e306-4093-82b3-73998144f545,strap.best,available,1.68,18.88,high,low,5,spaceship,,,28/09/2026 10:12
0f9e02fa-b39d-44d9-bd18-7d5feb717a95,genius.best,resell,,,high,medium,6,Dynadot Inc,07/09/2024 17:06,07/09/2027 23:59,26/09/2026 06:21
7f6f53b3-99a7-4564-bfeb-0dd4a5e2cdb9,athene.best,available,2.28,29.98,high,low,6,namecheap,,,20/09/2026 20:37
a4bddb42-8cf3-481e-b9fa-a6455c473c60,tendency.best,available,2.28,29.98,high,low,8,namecheap,,,22/08/2026 22:11
6f1442fd-cc6b-4c1f-bc92-6599ef8f512b,identified.best,available,2.35,22.99,high,low,10,namesilo,,,25/09/2026 07:25
8b61aa90-949f-4d4c-8057-43f777f0adc1,aspirant.best,available,2.28,29.98,medium,low,8,namecheap,,,07/08/2026 05:02
ee301e39-3828-42ae-aa16-1d6a2b22967b,morley.best,available,2.35,22.99,high,low,6,namesilo,,,25/09/2026 05:08
5510c89a-7422-44b1-b5f7-c1d45f4a70f2,touched.best,available,2.28,29.98,high,low,7,namecheap,,,25/08/2026 09:12
8fa896c7-87c2-433f-87bd-c572abccea38,bromley.best,available,2.35,22.99,medium,low,7,namesilo,,,28/09/2026 17:16
9064d8d1-20ad-4f07-95e3-f992738a00dd,athenaeum.best,available,2.35,22.99,high,low,9,namesilo,,,20/09/2026 20:40
b460382a-fe19-48e7-a85d-c9dafd44d29a,forged.best,available,2.28,29.98,high,low,6,namecheap,,,18/08/2026 11:54
5dba3608-7aad-4a11-bf5b-175e584a06ee,backslash.best,available,23.08,,high,low,9,namecheap,,,
508eea5e-0393-43b5-aa81-74b7275498af,cheer.best,available,2.28,29.98,high,low,5,namecheap,,,24/09/2026 14:09
99ce2cd1-a5a0-4764-b7c6-a8d054946367,exceptions.best,available,1.68,18.88,low,low,10,spaceship,,,28/09/2026 23:04
02ac90c9-ebe5-4d61-9dcc-b29f7cba949e,antecedent.best,available,2.28,29.98,high,low,10,namecheap,,,
3591db47-176b-40f9-9f52-311b3e240cda,genially.best,available,2.28,29.98,medium,low,8,namecheap,,,13/09/2026 17:52
a3e9ff50-1a2b-48b7-addd-e4205b6c12cb,upcoming.best,available,2.28,29.98,high,low,8,namecheap,,,06/08/2026 08:39
baa4e45c-7598-48a8-b0d4-9b38dac9619f,poisoned.best,available,2.28,29.98,medium,low,8,namecheap,,,27/09/2026 17:38
51498363-fbb8-40ac-a781-720d6c9c710f,brett.best,available,1.68,18.88,high,low,5,spaceship,,,28/09/2026 07:03
306cc139-3920-4737-ab09-37cb980b0594,stupid.best,available,33.99,33.99,high,low,6,godaddy,,,28/09/2026 01:43
77dfe23e-8048-48dd-8802-d67d6688a5fe,christlike.best,available,2.28,29.98,high,low,10,namecheap,,,12/08/2026 07:19
087bce70-9995-447b-aaa0-a28cdd33c905,scruffy.best,available,2.28,29.98,medium,low,7,namecheap,,,10/09/2026 00:25
6ea4ff52-e2f8-4c4c-bca1-ad3cc7758e89,execution.best,available,2.35,17.79,high,low,9,namesilo,,,
b0bcd90b-66c8-4ae1-ae5c-6e621deb4259,punishment.best,available,2.35,22.99,high,low,10,namesilo,,,25/09/2026 09:51
fcaf00db-fa40-4ad0-add2-941258d115c4,types.best,available,2.35,22.99,medium,low,5,namesilo,,,18/09/2026 16:19
b9ce982d-7496-4c81-a1e7-66642ce2d0fd,beliefs.best,available,1.73,18.69,medium,low,7,porkbun,,,28/09/2026 17:24
6a351c4b-6474-419d-8b23-1b36cb56c92c,insistent.best,available,2.28,29.98,medium,low,9,namecheap,,,13/08/2026 09:33
89c15cbd-4c2c-4ba4-8666-79897bd7d52a,pearson.best,available,2.35,22.99,high,medium,7,namesilo,,,25/09/2026 17:36
21bd83c3-0a1a-4d24-a535-d144860b3ecf,granite.best,available,1.68,18.88,high,low,7,spaceship,,,28/09/2026 19:22
b1823cb4-8f1b-4fc1-ada2-242e87337580,whitish.best,available,2.28,29.98,medium,low,7,namecheap,,,24/08/2026 23:06
a7a91269-d7ac-4c32-afc0-b6c4d12ed6b8,choirs.best,available,2.35,22.99,medium,low,6,namesilo,,,17/09/2026 06:51
313e8148-f9ff-4c9d-9809-995bfb8f44c2,presently.best,available,2.35,22.99,medium,low,9,namesilo,,,28/09/2026 13:26
aa0f5df1-fa80-41cb-87fd-b2eade4aa46d,upstairs.best,available,2.35,22.99,high,low,8,namesilo,,,28/09/2026 09:59
92c49118-ca96-4986-9851-52b09a9da0fd,pact.best,available,1.68,18.88,high,low,4,spaceship,,,28/09/2026 06:32
76761cbd-47ea-4d6a-b13f-943165954620,montreal.best,available,23.08,,high,low,8,namecheap,,,
1ea587f3-4556-44a0-8300-1db2e926db09,seas.best,available,2.28,23.08,medium,low,4,namecheap,,,
2370c2b4-b987-4efd-94f7-ccd3939eef4d,babar.best,available,2.35,22.99,high,low,5,namesilo,,,21/09/2026 12:14
07f0997f-c58c-483b-bd67-904672ab14d4,floodwaters.best,available,2.28,29.98,medium,low,11,namecheap,,,21/09/2026 03:37
2c4bdd83-24b6-4f97-a801-004c9aeb1f01,engaged.best,available,2.28,29.98,high,low,7,namecheap,,,10/08/2026 19:07
82b0c5eb-514f-47aa-ab9e-425c9091c8de,quadrangle.best,available,2.28,29.98,high,low,10,namecheap,,,09/09/2026 07:22
5f1a5500-a38a-456b-8ccb-38e494af29d9,ventilation.best,available,1.63,18.47,medium,low,11,dynadot,,,29/09/2026 04:52
0bb44826-8827-4944-9545-68562cafbc36,westbound.best,available,2.28,29.98,medium,low,9,namecheap,,,13/09/2026 10:51
9eaed476-8f84-4d4b-b952-813885aab20e,pleading.best,available,2.28,29.98,medium,low,8,namecheap,,,09/08/2026 15:21
68091e0d-b722-47a8-b982-25e08cb8c4d3,movingly.best,available,2.28,29.98,medium,low,8,namecheap,,,15/09/2026 15:35
8c16a137-aa88-426f-98db-6cb491ed6369,awheel.best,available,2.28,29.98,medium,low,6,namecheap,,,08/08/2026 01:05
d6f14394-6660-42cb-af67-55f1c562dfc9,jealous.best,available,2.35,22.99,high,low,7,namesilo,,,24/09/2026 01:04
4cd828b5-15d6-4def-b216-146248e2d148,merciless.best,available,2.28,29.98,medium,low,9,namecheap,,,24/08/2026 20:36
ede370b9-d764-483c-96ac-8c5757619405,critique.best,available,23.08,,high,low,8,namecheap,,,
1a4715b6-8ca7-4c82-8e58-c66345e4cb22,carping.best,available,2.28,29.98,medium,low,7,namecheap,,,18/08/2026 00:03
5ebbfb84-6513-4b36-bb2c-23549c13dd16,avoid.best,available,2.28,29.98,high,low,5,namecheap,,,13/09/2026 06:44
ad09594e-49db-49e2-a9ce-b9474bd0a032,nonsteroid.best,available,2.28,29.98,medium,low,10,namecheap,,,03/09/2026 20:43
549af1f5-ab83-4c42-9f70-17fd72e4aa72,dion.best,available,1.68,18.88,medium,low,4,spaceship,,,28/09/2026 09:08
8cda2433-f24a-4a1b-af8d-c5d18700e513,ruffle.best,available,2.28,29.98,high,low,6,namecheap,,,11/09/2026 05:07
e59303fe-8eb5-42ce-b5a3-144d6358c732,hopkins.best,available,2.35,22.99,high,low,7,namesilo,,,19/09/2026 13:42
b9896c48-24c6-4e04-ba09-e910428d0520,acquitted.best,available,2.28,29.98,high,low,9,namecheap,,,
08706a9f-6095-4d08-a35a-71899cd6a231,tinkly.best,available,2.28,29.98,medium,low,6,namecheap,,,11/09/2026 16:15
41e4af9a-b214-4318-b7f3-7d095bb2eead,binful.best,available,2.35,22.99,medium,low,6,namesilo,,,23/09/2026 17:14
6b1fd5e1-b9dd-4695-9a5b-d044ac49f501,clastic.best,available,2.28,29.98,medium,low,7,namecheap,,,12/08/2026 09:56
79c3952f-427b-4f54-a5e6-aaba58258447,delightful.best,available,2.35,22.99,high,low,10,namesilo,,,24/09/2026 05:38
9e022cc4-cbda-45a0-9e9b-36465d98b14b,algol.best,available,2.35,22.99,medium,low,5,namesilo,,,18/09/2026 07:05
a16aee04-50b1-4233-be37-06130f928038,holyoke.best,available,1.68,18.88,medium,low,7,spaceship,,,28/09/2026 08:11
74a19eb7-9ae9-4786-a09c-6c096e93c794,seepage.best,available,2.28,29.98,medium,low,7,namecheap,,,04/09/2026 15:38
6458bf0c-1f2c-4171-a258-cdad0cd0971b,gratuity.best,available,2.35,22.99,high,low,8,namesilo,,,21/09/2026 15:50
e59e55d9-cd02-40a4-bfa9-dcf2913ff312,syllabled.best,available,2.28,29.98,medium,low,9,namecheap,,,11/09/2026 06:00
c704e0f0-536c-4956-9cc5-44db39d7570d,fools.best,available,1.68,18.88,medium,low,5,spaceship,,,27/09/2026 23:44
de56085c-eb64-4af0-b085-c827ee6a3d84,exactly.best,available,2.28,29.98,high,low,7,namecheap,,,26/09/2026 00:15
8b917cb2-7c62-4df0-a052-99b0b31304e0,aril.best,available,2.35,22.99,medium,low,4,namesilo,,,20/09/2026 05:30
d5db67cb-6e86-4e4e-84ea-32403cff2385,cherimoya.best,available,2.35,22.99,medium,low,9,namesilo,,,19/09/2026 10:32
11804e5b-d1dc-4b7e-b651-927ada358337,surfaces.best,available,2.35,17.79,medium,low,8,namesilo,,,
69f9eb67-1479-40c9-9249-fe4868753713,methods.best,available,1.68,18.88,medium,low,7,spaceship,,,28/09/2026 04:33
dba9c6bf-df55-4ad0-b5e8-7de2a53b12dc,invested.best,premium,82.57,82.57,medium,low,8,spaceship,,,28/09/2026 13:01
8a3dd785-b8f9-473d-83df-418746668729,disloyal.best,available,2.28,29.98,medium,low,8,namecheap,,,14/08/2026 11:36
8e4ba29a-17e8-4afc-84b6-214a6b95661f,wifely.best,available,2.28,29.98,medium,low,6,namecheap,,,13/09/2026 00:27
8ae0af29-c8cb-4526-8461-90c8843cc9c5,dial.best,resell,,,high,medium,4,"Spaceship, Inc.",19/08/2026 02:00,19/08/2027 23:59,26/09/2026 05:32
4634c1ad-dc6e-4b5e-94ce-8d1f488350e8,down.best,available,2.35,22.99,high,low,4,namesilo,,,24/09/2026 11:53
27267989-b9c3-47d6-aaaa-f7468bdadb7a,battledore.best,available,2.35,22.99,medium,low,10,namesilo,,,21/09/2026 17:16
aaf25dc7-6062-4d49-acf6-35e08a9d2e51,beaked.best,available,2.28,29.98,medium,low,6,namecheap,,,09/08/2026 03:50
833fc594-dc1c-4d8e-9969-989c5660faef,elderberry.best,available,2.28,29.98,medium,low,10,namecheap,,,24/09/2026 00:39
70a1b04f-0816-48be-94bf-95d0a7760818,agential.best,available,2.28,29.98,medium,low,8,namecheap,,,
61bd26e2-5948-4a38-af16-5f00cb795dea,dollars.best,available,2.35,22.99,high,low,7,namesilo,,,17/09/2026 07:00
0f00601c-5117-40c2-aa93-1538471ee497,efforts.best,available,1.68,18.88,medium,low,7,spaceship,,,27/09/2026 22:23
dee23c9e-eede-495e-92ef-7dc892c1047f,horns.best,available,2.35,22.99,medium,low,5,namesilo,,,17/09/2026 08:11
6b5bdb43-4161-4819-bf25-2973e3dfbdb1,balmoral.best,available,2.35,22.99,high,low,8,namesilo,,,21/09/2026 23:39
fc719f50-d2e8-412b-8871-8298a053b2e2,driver.best,available,23.08,,high,low,6,namecheap,,,
611e83bc-a863-4556-9f7f-6caf8b2ae082,seventies.best,available,2.35,22.99,medium,low,9,namesilo,,,16/09/2026 12:13
c7d57ade-61cd-40a4-966a-baf3ccc757dc,cookie.best,premium,83.3,83.3,high,low,6,namesilo,,,
893addf7-1821-47b9-bc33-7362ad396400,crapper.best,available,2.28,29.98,high,medium,7,namecheap,,,09/09/2026 00:52
3714b016-c18a-47ac-bb9d-01fc10f46613,zealand.best,available,2.35,22.99,medium,low,7,namesilo,,,29/09/2026 02:11
152a8f22-9a33-41fe-99cd-bd965e5de3a6,carroty.best,available,2.28,29.98,medium,low,7,namecheap,,,11/08/2026 19:48
737ac710-c1b4-43de-ae02-ed382e4408e3,bolivian.best,available,2.28,29.98,high,low,8,namecheap,,,10/08/2026 17:46
dcb9f6f0-a5e4-469c-92b7-8dabc516a78d,rasp.best,available,2.35,22.99,medium,low,4,namesilo,,,19/09/2026 15:15
6de86372-90d4-46af-b965-0bb787bff566,dilatory.best,available,2.28,29.98,medium,low,8,namecheap,,,14/08/2026 07:31
591539da-5bde-4148-90b8-a9b927e157d8,mcdonald.best,available,,,high,low,8,,,,
6fa8edb3-780e-4e82-aa07-d71107c60d06,neighboring.best,available,23.08,,high,low,11,namecheap,,,
2783be15-106a-4b77-966b-5b11650faa74,announcer.best,available,2.35,22.99,high,low,9,namesilo,,,19/09/2026 10:49
e7ca9a70-d202-48d0-8883-af9277a14ae0,vision.best,resell,,,high,medium,6,"Spaceship, Inc.",06/08/2024 00:17,06/08/2027 23:59,26/09/2026 10:00
299213f6-a1ad-4ff3-9ffb-2875281c3e0d,stylistic.best,available,2.28,29.98,high,low,9,namecheap,,,10/09/2026 23:19
937ad33d-78b2-4843-b90f-46c15499309a,outsized.best,available,2.28,29.98,medium,low,8,namecheap,,,04/09/2026 19:40
be0fbb3a-796e-4c69-8808-36e818be5428,maintained.best,available,2.35,22.99,high,low,10,namesilo,,,25/09/2026 12:29
20d99813-3557-4dde-bfd2-911d4cce4916,conclusive.best,available,2.28,29.98,high,low,10,namecheap,,,23/09/2026 19:11
b9bb5980-440e-4aed-bc9c-0303a4f31078,roarer.best,available,2.35,22.99,medium,low,6,namesilo,,,22/09/2026 16:57
539ecaa1-893f-47ac-b1b7-07adf47cf277,allergist.best,available,1.73,18.69,medium,low,9,porkbun,,,28/09/2026 20:30
7b809901-245c-41ce-83cf-9e103bb97c26,volute.best,available,2.28,29.98,medium,low,6,namecheap,,,12/08/2026 16:14
9ee12e88-5948-4b46-8fe7-de3c9fb20d9f,acousma.best,available,2.35,22.99,medium,low,7,namesilo,,,17/09/2026 02:29
12b2ce04-0059-4065-aa21-8fdadb9124ad,herculean.best,available,2.28,29.98,high,low,9,namecheap,,,21/08/2026 07:06
3d235649-4875-43ea-b512-9eeb9d100414,centimetre.best,available,2.35,22.99,medium,low,10,namesilo,,,24/09/2026 13:35
85a75b3c-42ca-40ba-a602-be7668a78ca9,houston.best,premium,95.69,95.69,high,low,7,namesilo,,,27/09/2026 04:28
f6a3135f-344a-49e4-9bc5-b9e2bcd8fe63,orad.best,available,2.28,29.98,medium,low,4,namecheap,,,15/09/2026 18:09
a3bb54d3-0b48-4156-93ef-82f039c3b5b3,cutely.best,available,2.28,29.98,medium,low,6,namecheap,,,14/09/2026 09:59
0c251ae1-ddd3-47f6-900d-36b756de6bbb,macmillan.best,available,2.35,22.99,high,low,9,namesilo,,,25/09/2026 12:59
9a927151-32df-4f04-844a-02af11aec60a,immensely.best,available,2.28,29.98,high,low,9,namecheap,,,15/09/2026 01:58
be123994-7e2c-4144-8a1b-3d798865558d,gamble.best,premium,96.34,96.34,high,low,6,namesilo,,,17/09/2026 10:37
f6d8c4da-818a-4a40-8ab7-e65c59b16344,gun.best,resell,,,high,low,3,Dynadot Inc,14/09/2026 00:04,14/09/2027 23:59,28/09/2026 17:19
dd645bb2-da88-4fcf-9807-87d653efd756,permutable.best,available,2.28,29.98,medium,low,10,namecheap,,,08/09/2026 17:50
6ed2251f-c5fe-4a60-9e36-b24cabf82ba6,phantom.best,resell,,,high,low,7,Dynadot Inc,19/01/2026 19:16,19/01/2027 23:59,26/09/2026 08:07
d29a50cc-3705-4427-99d4-8183fe72370f,victorious.best,available,2.28,29.98,high,low,10,namecheap,,,13/09/2026 05:28
a880fb9e-c325-4fdc-85ff-b2fa79960271,gamin.best,available,2.28,29.98,medium,low,5,namecheap,,,11/09/2026 14:56
bcde798d-d024-4021-bad1-c13ef14ee766,abigail.best,available,2.35,22.99,medium,low,7,namesilo,,,29/09/2026 02:47
2d481f6f-6fc6-4586-8048-8a273d5c8b73,laughable.best,available,2.35,22.99,high,low,9,namesilo,,,23/09/2026 15:25
da600fc6-33c8-4f5e-a15a-1a4d9782cb68,operable.best,available,2.28,29.98,medium,low,8,namecheap,,,04/09/2026 16:20
13a0c847-11be-49af-8f57-293ae6b0c44b,motherlike.best,available,2.28,29.98,medium,low,10,namecheap,,,25/08/2026 07:04
699deeed-5dcd-480f-85b8-f34cb6d04a41,sextet.best,available,2.28,29.98,medium,low,6,namecheap,,,
d313a93c-822d-44c0-8129-482334379181,disturb.best,available,2.35,17.79,high,low,7,namesilo,,,
25bfbeaf-c887-483e-8f3a-94480f8436d8,unfamiliar.best,available,2.28,29.98,high,low,10,namecheap,,,12/09/2026 09:55
3202da00-7755-4813-be4f-55ad4db95d00,taiwan.best,available,,,high,high,6,,,,
7d36e701-4a88-4812-b311-4d082a03f72b,twitter.best,premium,83.3,83.3,high,low,7,namesilo,,,
c8d7213c-c1cc-43db-9748-be58016bc3f9,tone.best,resell,,,high,low,4,Dynadot Inc,20/01/2026 00:04,20/01/2027 23:59,26/09/2026 09:40
9ce5c486-7926-461b-b877-65b7beab89e5,blow.best,resell,,,high,low,4,Dynadot Inc,13/09/2026 07:06,13/09/2027 23:59,26/09/2026 04:30
dd54fc84-07f6-460b-b70c-ae9ad73f0aca,mannheim.best,available,1.68,18.88,high,low,8,spaceship,,,28/09/2026 10:19
28ff213f-a50b-4513-ad07-aef34bbf28db,ltd.best,resell,,,high,low,3,Dynadot Inc,24/01/2026 22:38,24/01/2027 23:59,26/09/2026 07:20
19c43f3f-6748-4c85-951f-4b7fd2f89ed5,piper.best,available,2.35,22.99,high,low,5,namesilo,,,29/09/2026 00:31
d7fcfe32-3cf5-40d6-90a4-f2fbfd84d138,campy.best,available,2.28,29.98,medium,low,5,namecheap,,,11/08/2026 15:48
40ec0d30-bb8b-4653-bb1f-8d5698ae4e60,pushkin.best,available,2.35,22.99,high,low,7,namesilo,,,18/09/2026 05:07
cf007aa5-178f-46a3-a1f9-f915ad09b525,lordly.best,available,2.28,29.98,medium,low,6,namecheap,,,07/08/2026 17:05
c5157ae6-edec-4b07-ae8f-8966d266c76e,pleasant.best,available,2.35,22.99,high,low,8,namesilo,,,27/09/2026 04:06
c36a8a17-2358-49ee-9ce7-71d692eb351f,aries.best,resell,,,high,low,5,"Sav.com, LLC",13/09/2025 16:44,13/09/2027 23:59,26/09/2026 04:00
f9cc81c7-902c-41ee-8c33-5455a15e8fa8,supernal.best,available,2.28,29.98,medium,low,8,namecheap,,,11/09/2026 02:23
93fee707-111d-4b2c-8725-7856862b8b27,yet.best,available,1.68,18.88,high,low,3,spaceship,,,28/09/2026 11:53
939873b6-2427-4c79-8b9c-8355f8fecd34,marta.best,available,2.35,22.99,high,low,5,namesilo,,,27/09/2026 17:44
9c3ef91e-61a1-45c3-a298-a89858634f58,ballet.best,premium,96.42,96.42,high,low,6,namesilo,,,21/09/2026 22:51
99429de7-9a0e-4a62-837d-a711d8001ef5,clxxv.best,available,2.28,29.98,medium,low,5,namecheap,,,
11a69641-8e8d-45de-835e-2df3f43f652a,arcadic.best,available,2.35,22.99,medium,low,7,namesilo,,,20/09/2026 01:36
6554b1a5-50ca-4fd2-bfb9-9288f5b7fce6,aesthesis.best,available,2.35,22.99,medium,low,9,namesilo,,,17/09/2026 13:32
683d513b-0a10-4962-bab4-bfb3f398e4c7,untalented.best,available,2.28,29.98,medium,low,10,namecheap,,,11/09/2026 07:26
572a666f-c3d2-45d5-b0db-31e4045370a5,evidential.best,available,2.28,29.98,high,low,10,namecheap,,,17/08/2026 15:02
a03a5ea3-bb59-4589-92fa-fa809ab79807,ammonite.best,available,2.35,22.99,high,low,8,namesilo,,,18/09/2026 22:08
09d7d7a7-ba2a-46ce-847b-3b48bffcbf0d,squander.best,available,2.28,29.98,medium,low,8,namecheap,,,13/09/2026 08:34
8fd28c75-8cae-4d0a-aa4d-c2d494992b93,weakest.best,available,2.35,17.79,medium,low,7,namesilo,,,
71684829-f05b-40fd-b89c-5733cedecd14,doings.best,available,2.35,22.99,medium,low,6,namesilo,,,23/09/2026 03:17
03fdb913-01a1-4665-9361-3348c045ac33,pillowcases.best,available,2.28,29.98,medium,low,12,namecheap,,,21/09/2026 01:49
fd3aa688-de29-46ac-9070-995ccd92f714,northern.best,available,2.35,22.99,high,low,8,namesilo,,,25/09/2026 23:11
3a891438-c546-4608-8415-63d2b068004c,armiger.best,available,2.35,22.99,medium,low,7,namesilo,,,20/09/2026 06:59
49ade82f-d859-4ca7-9fde-cb629df18f77,previously.best,available,2.35,22.99,medium,low,10,namesilo,,,28/09/2026 12:13
470d6c74-02bd-40b3-b9ec-4316dd1bc250,sacrifices.best,available,1.68,18.88,low,low,10,spaceship,,,28/09/2026 17:47
01c437cd-db18-4a91-9801-e46b9e125921,bayesian.best,available,2.28,29.98,medium,low,8,namecheap,,,09/08/2026 03:13
c2d1bbe9-df7b-4873-9ead-c565a3e00276,aimlessly.best,available,2.28,29.98,medium,low,9,namecheap,,,13/09/2026 18:28
ac0c0b93-5153-4ec0-81fa-854805b57354,ancient.best,available,2.35,22.99,high,low,7,namesilo,,,22/09/2026 04:21
082b1be8-8635-4ed9-b018-866712ed58c5,honeymooning.best,available,2.35,22.99,high,low,12,namesilo,,,21/09/2026 06:04
3a2e2248-e673-49a9-9435-a415461dad1e,bracer.best,available,2.28,29.98,medium,low,6,namecheap,,,20/09/2026 06:51
d632f40f-e88c-4e0b-8c64-0a9d490a96bf,anatomist.best,available,2.35,22.99,medium,low,9,namesilo,,,19/09/2026 03:32
a9fa1507-50a1-4c52-9407-e4b7ca8e8507,hassium.best,available,2.35,22.99,medium,low,7,namesilo,,,20/09/2026 22:10
bb729d2f-0d26-4593-a900-0b781795e35a,novelist.best,available,2.28,29.98,high,low,8,namecheap,,,29/09/2026 01:44
88a7fac0-ba90-4378-a2da-2ad78f14d2f5,asanga.best,available,2.35,22.99,medium,low,6,namesilo,,,20/09/2026 12:49
fb7f7912-b7fc-4b62-b6b2-0c7ac27851f3,unfed.best,available,2.28,29.98,medium,low,5,namecheap,,,12/09/2026 10:04
4ec3c730-945c-4834-85a5-ab211f1590a3,activewear.best,available,2.35,22.99,high,low,10,namesilo,,,17/09/2026 05:14
b276248c-4b33-41e8-9353-2025b4f44245,luxurious.best,available,2.28,29.98,high,low,9,namecheap,,,14/08/2026 00:57
0f6004a2-1508-4ba9-9ca4-1c0fe4e1b827,lewiston.best,available,1.68,18.88,medium,low,8,spaceship,,,28/09/2026 14:42
701a92e1-e7c9-4897-b63d-3111c2bd6063,imbecile.best,available,2.28,29.98,medium,low,8,namecheap,,,21/08/2026 20:22
1e901dce-3eea-45ab-9c62-5b86ed148a20,parenteral.best,available,2.28,29.98,medium,low,10,namecheap,,,08/09/2026 01:19
6641aa3b-25de-4ffa-a875-9e0b9c726955,condemn.best,available,2.35,17.79,high,low,7,namesilo,,,
7e11a83d-4b39-46b1-aa81-a0d0fc5221a3,runners.best,available,2.35,22.99,high,low,7,namesilo,,,18/09/2026 06:01
814bd911-5540-4692-8dd2-2fb2ab91a984,wade.best,available,2.35,22.99,high,low,4,namesilo,,,28/09/2026 06:51
1d4a723a-e118-468c-8563-f970f70a2d97,bit.best,premium,940.61,940.61,high,medium,3,spaceship,,,29/09/2026 02:55
48aab427-2e7b-4185-ac60-79fe33e076fd,asur.best,available,2.35,22.99,medium,low,4,namesilo,,,20/09/2026 16:43
fb15fa9e-4777-4ffc-a90a-af7abad5e4bc,achievement.best,available,1.73,22.45,high,low,11,porkbun,,,28/09/2026 08:12
aefbe12f-f810-403d-b044-9438873630e8,thatcher.best,available,2.35,22.99,medium,low,8,namesilo,,,22/09/2026 07:26
2d0c77c2-f250-4a46-ad5a-e1fccda4e174,windblown.best,available,2.28,29.98,medium,low,9,namecheap,,,13/09/2026 12:08
7f19b84c-f663-445f-96e3-67bbc21e85ff,rhenish.best,available,2.28,29.98,medium,low,7,namecheap,,,09/09/2026 16:29
f3e0e3eb-44dc-495e-a32b-4230d3060ab0,alkyl.best,available,2.35,22.99,medium,low,5,namesilo,,,18/09/2026 08:34
646d2b5e-00e0-4aad-b21f-2ea0d22e53e3,retirement.best,premium,83.3,83.3,high,low,10,namesilo,,,
86e048df-3e1d-4d0e-a952-19016c10e586,incorrupt.best,available,2.28,29.98,high,low,9,namecheap,,,22/08/2026 02:01
ac3a9d8b-dc23-4629-b8b8-29fb00721105,bequest.best,available,2.35,22.99,high,low,7,namesilo,,,23/09/2026 09:04
937fe9dc-82c7-4a76-81c1-201ce66ec831,unspaced.best,available,2.28,29.98,low,low,8,namecheap,,,12/09/2026 20:24
54e9b523-fb80-430a-89fd-4154a7b86d23,speedup.best,available,2.35,17.79,high,low,8,namesilo,,,
d2d59aae-33e9-4470-94e0-0fc83d17c67c,pointed.best,available,2.28,29.98,high,low,7,namecheap,,,08/09/2026 22:36
2d2393ca-714e-456a-9804-cdaf3dd86f92,comstock.best,available,2.28,29.98,medium,low,8,namecheap,,,19/09/2026 13:40
e47d8d2b-a1d9-441d-b4dc-8d3f35b3772b,purpleness.best,available,2.28,29.98,high,medium,10,namecheap,,,09/09/2026 06:23
8b7cb975-41cf-484b-9509-81ff5ce00b1b,tantric.best,available,2.28,29.98,high,low,7,namecheap,,,11/09/2026 08:05
910f1fff-cdb3-4b16-abff-0c7e8efe5ee8,gruff.best,available,2.28,29.98,high,low,5,namecheap,,,13/08/2026 11:25
015cc4d3-7da8-42cb-bb95-a7da1f2e27fe,unverified.best,available,2.28,29.98,medium,low,10,namecheap,,,12/09/2026 22:13
1234e818-c6ee-4004-84d2-7c8a67fe3832,navy.best,available,23.08,,high,low,4,namecheap,,,
f2212770-7dd0-4664-bde9-b1bf7dfc8e0a,stocky.best,available,2.28,29.98,medium,low,6,namecheap,,,21/08/2026 05:33
83643e68-4f8b-4279-9a68-91009b568352,needless.best,available,2.28,29.98,medium,low,8,namecheap,,,03/09/2026 14:55
797fe17b-738d-42bc-b713-62368933ca98,cupric.best,available,2.28,29.98,medium,low,6,namecheap,,,13/08/2026 10:49
34858451-6f13-4c34-bc0e-35c4934ff51f,holman.best,available,1.68,18.88,high,low,6,spaceship,,,28/09/2026 04:15
692cdd21-4657-4043-84f1-c8b0123e5315,downstair.best,available,2.28,29.98,medium,low,9,namecheap,,,14/08/2026 17:57
e05e165c-a7f4-4971-a401-f256a2688a31,benedict.best,available,2.35,22.99,high,low,8,namesilo,,,23/09/2026 07:52
37909107-10f3-431c-81ad-a1345cdd09bb,unmined.best,available,2.28,29.98,medium,low,7,namecheap,,,12/09/2026 15:41
9e4b8e4a-8dcd-4985-976d-786c7f2d1f4c,domed.best,available,2.28,29.98,high,low,5,namecheap,,,14/08/2026 15:37
b088abb3-f57a-4152-a827-c7c8c7d64880,cheesecakes.best,available,2.28,29.98,medium,low,11,namecheap,,,08/09/2026 07:37
25cd91ac-8e53-4749-815f-78987e680f8e,spine.best,available,2.35,22.99,high,low,5,namesilo,,,28/09/2026 17:17
864274e7-fb7b-428d-93ac-089ae5fa858a,gnostic.best,available,2.28,29.98,medium,low,7,namecheap,,,20/08/2026 15:47
599f3242-219f-4a01-9a16-87b11dfa950e,adroitly.best,available,2.28,29.98,medium,low,8,namecheap,,,13/09/2026 17:25
40b57ea8-3e8e-444c-8d08-440f4b44d56b,getatable.best,available,2.28,29.98,medium,low,9,namecheap,,,18/08/2026 23:00
a9dc8913-f462-44ef-97dd-be20e505bb05,romp.best,available,2.28,29.98,high,low,4,namecheap,,,09/09/2026 19:26
e2224164-d2e0-41a5-b086-a46ad2d91fe5,thorough.best,available,2.28,29.98,high,low,8,namecheap,,,17/08/2026 17:10
ca534fbc-ab45-4190-a3e1-bd21e18e3e50,conducive.best,available,2.28,29.98,high,low,9,namecheap,,,12/08/2026 20:30
4808237b-25c3-4fd2-ab05-380be613a769,andhra.best,available,2.28,29.98,medium,low,6,namecheap,,,29/09/2026 04:23
3e1c0b77-e8aa-40df-bf2e-37da0f96be9e,philosophy.best,available,2.35,22.99,high,low,10,namesilo,,,27/09/2026 13:03
4c273a85-83d5-420b-9fb3-2cfaee4bcfd3,understandable.best,available,2.35,17.79,high,low,14,namesilo,,,
b0ea979d-3c7b-4c0e-991f-354bcd9328ab,disastrous.best,available,2.28,29.98,medium,low,10,namecheap,,,11/08/2026 13:30
78a17075-f11d-41fa-8ca7-d251d7a94602,ataxia.best,available,2.35,22.99,medium,low,6,namesilo,,,20/09/2026 19:46
35c950b0-fec4-4b8d-9129-33ff994527c9,unrelated.best,available,2.28,29.98,medium,low,9,namecheap,,,12/09/2026 18:04
25d39bac-2db2-4b9b-9e15-8f367a7974a1,unlawful.best,available,2.28,29.98,medium,low,8,namecheap,,,21/08/2026 19:54
70a9fc93-1c3a-41e7-9bce-2d24f59a10b7,zonal.best,available,2.28,29.98,medium,low,5,namecheap,,,13/09/2026 15:29
20384ede-e1b7-45e9-8403-a1c2966b412e,anionic.best,available,2.28,29.98,medium,low,7,namecheap,,,
19c14c84-5f4e-4a3e-8652-2e3c01e5bb21,boloney.best,available,2.35,22.99,medium,low,7,namesilo,,,21/09/2026 23:45
8292fd9a-db33-4dea-9ef2-a6bea91516f3,ophthalmic.best,available,2.28,29.98,medium,low,10,namecheap,,,04/09/2026 16:33
1be4b4eb-32e5-4015-8d31-0bb208f46439,wand.best,available,2.35,22.99,high,low,4,namesilo,,,22/09/2026 14:13
3cf9c103-9ec2-4b58-b2c2-cd656bfbf3ef,asat.best,available,2.28,29.98,medium,low,4,namecheap,,,05/08/2026 19:31
958e7d51-2080-42b4-8fdc-529c6076c4ff,bodiless.best,available,2.28,29.98,medium,low,8,namecheap,,,10/08/2026 16:48
67495c3a-309f-453e-8349-d3e1de674855,apologise.best,available,2.35,17.79,high,low,9,namesilo,,,
b5c03f9a-0553-4112-9197-babacfe757f0,sumter.best,available,2.35,22.99,medium,low,6,namesilo,,,28/09/2026 12:23
92fe1256-bba4-43df-8297-fa6ca6f18bb5,for.best,premium,1022.98,1022.98,high,medium,3,namesilo,,,
9ed0d3a8-dd73-4773-9997-9a846f3d0cbe,abattoir.best,available,2.35,22.99,medium,low,8,namesilo,,,16/09/2026 14:13
38fce0fa-e9b3-4b69-b242-2fd2516aa6b8,consecutive.best,available,1.68,18.88,medium,low,11,spaceship,,,29/09/2026 04:45
3d247fc7-41bf-4674-8d9c-bd297e32b923,deception.best,available,2.35,22.99,high,low,9,namesilo,,,24/09/2026 17:22
04a48a45-c2e5-4b51-8228-e722a72910fd,thickener.best,available,2.28,29.98,medium,low,9,namecheap,,,11/09/2026 13:14
3dd37634-b6a4-4f1d-9bab-4e0cd0da9c4a,safer.best,available,2.35,22.99,high,low,5,namesilo,,,27/09/2026 03:09
10196cfa-a045-41d9-908f-a0f6adb4178d,chained.best,available,2.28,29.98,medium,low,7,namecheap,,,12/08/2026 01:23
60422bea-dc72-4e73-aaf6-17f09428ac81,executive.best,premium,96.5,96.5,high,low,9,namesilo,,,19/09/2026 08:02
d9c77c73-a391-4ffd-ab88-65d756caf420,prosodic.best,available,2.28,29.98,medium,low,8,namecheap,,,09/09/2026 03:39
0658c3f8-ee09-4208-9ccc-9a51f88b785d,almaata.best,available,2.28,29.98,medium,low,8,namecheap,,,18/09/2026 12:23
99f1114c-f59d-4bed-bfbb-d7e1587c6e77,bow.best,available,2.35,22.99,high,low,3,namesilo,,,23/09/2026 01:50
82495c93-f7e3-4074-b3c5-470673a7fddc,dissenter.best,available,2.28,29.98,medium,low,9,namecheap,,,14/08/2026 12:39
887ddbab-8191-4463-b3fb-787863f00cd1,seconds.best,available,2.35,22.99,high,low,7,namesilo,,,25/09/2026 18:47
80575fd5-2ed4-46cc-beb3-c101d2e8a228,agdistis.best,available,2.35,22.99,medium,low,8,namesilo,,,17/09/2026 16:43
05a5dfc0-fc6a-4205-a7a1-9645369d3515,acadian.best,available,2.28,29.98,high,low,7,namecheap,,,16/09/2026 20:29
4ae869e8-57c8-4616-8e1e-b552e82fe5ca,newly.best,available,2.28,29.98,high,low,5,namecheap,,,18/08/2026 15:17
108d71a6-3c52-46ec-be68-b9b395601d96,theoretically.best,available,2.35,22.99,low,low,13,namesilo,,,28/09/2026 17:35
9d3eb5e3-8ad4-4d01-b8c1-3fd453aa9dba,locking.best,available,1.68,18.88,medium,low,7,spaceship,,,28/09/2026 06:12
80577602-d6f3-4217-a573-c335a3aa470b,blaring.best,available,2.28,29.98,medium,low,7,namecheap,,,10/08/2026 13:08
61c642e8-0f0e-4feb-9bec-3a6fea1ec6c7,firework.best,available,2.28,29.98,high,low,8,namecheap,,,09/09/2026 07:10
6c95121a-29dd-4af8-86b0-c4784a42db09,starve.best,available,2.28,29.98,medium,low,6,namecheap,,,28/09/2026 19:47
4a6f412e-112b-4fab-97d0-4d5bc7f95b61,religion.best,available,2.35,17.79,high,low,8,namesilo,,,
5ec54807-5f47-43df-969e-703dcb199a01,aragonite.best,available,2.35,22.99,medium,low,9,namesilo,,,19/09/2026 23:43
1550a8c0-d1ea-426c-9de6-2a97115b29dd,atrazine.best,available,2.35,22.99,medium,low,8,namesilo,,,21/09/2026 00:37
43a3183f-e108-4b05-b6e7-736ae71636f9,tycoons.best,available,2.28,29.98,medium,low,7,namecheap,,,19/09/2026 22:53
815e297f-5a45-482e-a49a-04b2f96811cc,designed.best,available,2.35,22.99,high,low,8,namesilo,,,24/09/2026 06:34
42fb28e3-6da6-4bd5-8d85-aeacdcb570c1,byte.best,resell,,,high,medium,4,"Key-Systems, LLC",30/10/2020 03:48,30/10/2032 23:59,26/09/2026 04:42
3b235a7d-fa67-41bc-9608-5aa9caf8c39a,anthriscus.best,available,2.35,22.99,medium,low,10,namesilo,,,19/09/2026 13:53
1db4717f-43a9-4117-85a4-1a0e9e1f1e63,sonsie.best,available,2.28,29.98,medium,low,6,namecheap,,,10/08/2026 20:34